tanggal,deskripsi,nomor_part,harga,qty,satuan,pengguna,keterangan
2024-01-02,BAUT RODA BLKG NKR71 IS02 RR-LH/IBK,DIRGAPUTRA EKAPRATAMA,58142,2,pcs, N 8444 UF ,
2024-01-02,MINYAK REM PRESTONE,CV. ARNEX,75000,0.3,ltr, Forklip Kuning ,
2024-01-02,Air Accu PEGASUS,Cakra Motor,9583,4,btl, WA 01 ,
2024-01-02,Oil Hydraulic MEDITRAN S10W,SAE 10 W,29000,4,ltr, WA 01 ,
2024-01-02,Oil Engine MEDITRAN SX,15W-40,29200,3,ltr, N 9058 UF ,
2024-01-02,Oil Hydraulic TuraliK 69,CAHAYA GUNUNG JATI,26800,1.5,ltr, N 9849 UH ,
2024-01-02,Oil Engine MEDITRAN SX,15W-40,29200,9,ltr, N 9443 UG ,REQ 001276
2024-01-02,Oil Filter NKR & NMR/Astra,16-97247 514-0,95000,1,pcs, N 9443 UG ,REQ 001276
2024-01-02,Fuel Filter NKR & NMR / ASTRA,I8 98037481-A,90675,1,Pcs, N 9443 UG ,REQ 001276
2024-01-02,Fuel Filter HINO 23401/PAK MUQ,RM Surabaya,39000,1,pcs, N 9443 UG ,REQ 001276
2024-01-02,Baut Roda BLK NKR 71 LH,Makmur Motor,60000,2,pcs, N 9443 UG ,REQ 001276
2024-01-02,Velg Baru L6-12mm,P/N,900000,1,pcs, N 9443 UG ,REQ 001276
2024-01-02,Oil Hydraulic TuraliK 69,CAHAYA GUNUNG JATI,26800,3,ltr, PAVING 3 ,
2024-01-02,Kawat Las RB 4.0 mm,CV Brilliant,1565,30,pcs, Crusher ,
2024-01-02,Gembok,Akbar Jaya,28000,1,pcs, Crusher ,
2024-01-02,KAWAT LAS LB 5.2 (5KG),BRILLIANT,250000,1,pack, Crusher ,
2024-01-02,Tabung O2,*,75000,1,tbg, Crusher ,
2024-01-02,SOLASI LISTRIK NATIONAL,BAROKAH,7000,1,pcs, Crusher 2 Mamuju ,
2024-01-02,KAWAT LAS RB 3.2 ( 5KG ),BRILLIANT,160000,1,pack, Crusher 2 Mamuju ,
2024-01-02,"Gerinda Potong WD 4""",Prima Sekar,50000,1,pack, Crusher 2 Mamuju ,
2024-01-02,V belt B65 Bando,Cakra Motor,71500,2,pcs, PAVING 2 ,
2024-01-02,Oil Engine MEDITRAN SX,15W-40,29200,9,ltr, N 8303 UH ,REQ 001277
2024-01-02,Oil Filter NKR & NMR/ SM,16-97247 514-0,83000,1,pcs, N 8303 UH ,REQ 001277
2024-01-02,Fuel Filter NKR & NMR / ASTRA,I8 98037481-A,90675,1,Pcs, N 8303 UH ,REQ 001277
2024-01-02,Fuel Filter HINO 23401/PAK MUQ,RM Surabaya,39000,1,pcs, N 8303 UH ,REQ 001277
2024-01-02,BAUT RODA NKR71 RR-RH MITSUDA,73 MOTOR,57500,2,pcs, N 8303 UH ,REQ 001277
2024-01-02,Oil Engine MEDITRAN SX PLUS ( 200 L ),Cahaya Gunung Jati,33750,11.5,ltr, N 8235 UG ,REQ 001278
2024-01-02,Oil Filter NKR & NMR/ Astra,16-97247 514-0,94575,1,pcs, N 8235 UG ,REQ 001278
2024-01-02,FUEL FILTER DMAX I6-98159 693-0,ASTRA ISUZU,75000,1,pcs, N 8235 UG ,REQ 001278
2024-01-02,Fuel Filter NKR & NMR / ASTRA,I8 98037481-A,90675,1,pcs, N 8235 UG ,REQ 001278
2024-01-02,SWITCH KOPLING NKR/NMR71,73 MOTOR,190000,1,pcs, N 8428 BF ,
2024-01-02,Seal Roda Belakang Dalam NMR  - RM,8 - 97122937 - 0,45000,1,Pcs, N 9566 UG ,Req 001279
2024-01-02,Sarung Tangan Putih Polos,Kas - Prima Sekar,14500,10,lusin, PAVING ,
2024-01-02,Armature MT 90/Angkur Gerinda,Kas - Sakti Putra Perdana,290000,2,pcs, Mekanik ,
2024-01-02,Jasa Vulkanisir Dingin Ban Luar 1000-20 BS/MJS,UJB 287,1050000,1,pcs, Tangkil ,SJ 000715
2024-01-02,Jasa Vulkanisir Dingin Ban Luar 1000-20 BS/MJS,UJB 303,1050000,1,pcs, Tangkil ,SJ 000715
2024-01-02,Epoxy Dana Filler,SIWA JAYA,85000,3,kg, TM 207 Tangkil ,SJ By Nota
2024-01-02,Thinner Super,SIWA JAYA,17000,5,ltr, TM 207 Tangkil ,SJ By Nota
2024-01-02,Jasa Vulkanisir Dingin Ban Luar 1000-20 GY/MJS,UJB 251,1050000,1,pcs, Tangkil ,SJ 000716
2024-01-02,ACCU NS70 12V RCA BATT,DIRGAPUTRA EKAPRATAMA,851282,2,pcs, TM 207 ,SJ 000716
2024-01-02,ACCU NS70 12V RCA BATT,DIRGAPUTRA EKAPRATAMA,851282,2,pcs, TM 206 ,SJ 000716
2024-01-02,CLAMP ACCU,73 Motor,30000,2,set, TM 207 ,SJ 000716
2024-01-02,CLAMP ACCU,73 Motor,30000,2,set, TM 206 ,SJ 000716
2024-01-02,Stop Lamp NKR 71 - RH,Cakra Motor,65000,1,pcs, CP 03 ,SJ 000716
2024-01-02,Stop Lamp NKR 71 - LH,73 Motor,50000,1,pcs, CP 03 ,SJ 000716
2024-01-02,SOLASI LISTRIK NATIONAL,BAROKAH,7000,1,pcs, Tangkil ,SJ 000716
2024-01-02,Kabel 0.85 mm,CAKRA MOTOR,3000,28,mtr, Tangkil ,SJ 000716
2024-01-02,OIL PERTAMINA SAE 140,RORED HDA 140,36500,34,Ltr,Kediri Readymix,SJ 000712
2024-01-02,Oil Filter BEIBEN (DONALDSON),P553771 / J8610962,93500,1,Pcs,Kediri Readymix,SJ 000712
2024-01-02,Filter Solar Donaldson / UD SMPRN,J8621614 ,214500,1,Pcs,Kediri Readymix,SJ 000712
2024-01-02,Filter Donaldson BEIBEN/UD SEMPURNA,J8621420,337500,1,pcs,Kediri Readymix,SJ 000712
2024-01-02,OIL FILTER SAKURA EO-18230,SEMPURNA,234500,5, pcs , Mojoagung ,SJ 000713
2024-01-03,"Gerinda Selep  NR 4""",Prima Sekar,11000,1,pcs, Crusher 2 Mamuju ,
2024-01-03,Tabung O2,*,75000,2,tbg, Crusher 2 Mamuju ,
2024-01-03,KAWAT LAS RB 3.2 ( 5KG ),BRILLIANT,160000,1,pack, Crusher 2 Mamuju ,
2024-01-03,Ban Dalam 700/750-16 BR-9,Berkah Sigma Jaya,125000,1,pcs, N 8310 UH ,
2024-01-03,"Tang Kombinasi Tekiro 7""",Cakra Motor,65000,1,pcs, Mekanik ,
2024-01-03,OIL PERTAMINA SAE 140,RORED HDA 140,36500,1.5,Ltr, N 9849 UH ,
2024-01-03,Paku Payung,Barokah,26000,0.5,kg, Crusher ,
2024-01-03,Paku Cor,Barokah,500,14,pcs, Crusher ,
2024-01-03,BAUT RODA NKR71 RR-RH MITSUDA,73 MOTOR,57500,1,pcs, N 9566 UG ,REQ 001280
2024-01-03,Oil Engine MEDITRAN SX,15W-40,29200,1.5,ltr, N 9429 UG ,REQ 001281
2024-01-03,BAUT RODA NKR71 RR-RH MITSUDA,73 MOTOR,57500,1,pcs, N 9429 UG ,REQ 001281
2024-01-03,BAUT RODA NKR71 RR-LH MITSUDA,73 MOTOR,57500,1,pcs, N 9429 UG ,REQ 001281
2024-01-03,Oil Engine MEDITRAN SX,15W-40,29200,1.5,ltr, N 8761 UG ,
2024-01-03,MINYAK REM PRESTONE,CV. ARNEX,75000,0.35,ltr, N 8271 UE ,
2024-01-03,Meteran Fiber YSK 50 mtr ,Kas ,55000,1,Pcs , P. Eko ,
2024-01-03,Ban Dalam 700/750-16 BR-9,Berkah Sigma Jaya,125000,2,pcs,N 9613 UH,SJ 000717
2024-01-03,Marshet R16 Swallow,Berkah Sigma Jaya,50000,2,pcs,N 9613 UH,SJ 000717
2024-01-03,WIREMESH LEMBAR SNI M8 FULL,SINARMAS BAJA P,649500,12,lbr, Puntir PAVING ,SJ 000717
2024-01-03,BETONESER SNI 8 X 12,SINARMAS BAJA P,44500,10,pcs, Puntir PAVING ,SJ 000717
2024-01-03,Ban Luar 750-16 BS/MJS Vulkanisir Dingin,EBE1023/DH 24154-23,1050000,1,pcs,N 9613 UH (Nomakin),SJ 000717
2024-01-03,Ban Luar 750-16 BS/MJS Vulkanisir Dingin,DJ3222/DK 5565-25,1050000,1,pcs,N 9613 UH (Nomakin),SJ 000717
2024-01-03,Ban Luar ORI 1100-20 BS/BSN,UJB 902,4200000,1,pcs,N 8198 UH (Fadilah),SJ 000717
2024-01-03,Ban Luar ORI 1100-20 BS/BSN,UJB 903,4200000,1,pcs,N 8198 UH (Fadilah),SJ 000717
2024-01-03,Ban Luar ORI 1100-20 BS/BSN,UJB 929,4200000,1,pcs,DT 9577 UF (IHUL),SJ 000717
2024-01-03,Grease Chasis COBRA,CV ARNEX,740000,2,pail, Puntir PAVING ,SJ 000718
2024-01-03,Dongkrak 50T,73 Motor,835000,1,pcs,L 8275 UI Rohman,SJ 000718
2024-01-03,Gulung Ulang Motor 3N 7.5hp 2900rpm,ARY Dinamo,600000,1,pcs, Puntir Sumur Bor ,SJ 000718
2024-01-04,BAUT RODA NKR71 RR-RH MITSUDA,73 MOTOR,57500,3,pcs, N 9426 UG ,SJ 001282
2024-01-04,SEAL REM NKR71 40493,73 MOTOR,10000,4,pcs, N 9426 UG ,SJ 001282
2024-01-04,SEAL DEBU ,73 Motor,4000,4,pcs, N 9426 UG ,SJ 001282
2024-01-04,Minyak Rem PRESTONE / ARNEX,DOT 3,75000,0.3,Ltr, N 9426 UG ,SJ 001282
2024-01-04,"Gerinda Potong WD 4""",Prima Sekar,50000,1,pack, Crusher 2 Mamuju ,
2024-01-04,Minyak Rem PRESTONE / ARNEX,DOT 3,75000,0.35,Ltr, N 8271 UE ,
2024-01-04,CLAMP ACCU,73 MOTOR,30000,1,set, N 8271 UE ,
2024-01-04,Kabel NYAF 35/Accu,Sehat Kabel,91000,0.5,mtr, N 8271 UE ,
2024-01-04,Skun ACCU,73 Motor,7500,2,pcs, N 8271 UE ,
2024-01-04,Oil Hydraulic MEDITRAN S10W,SAE 10 W,29000,1,Ltr, N 8105 UB ,
2024-01-04,Oil Engine MEDITRAN SX,15W-40,29200,1.5,Ltr, N 8105 UB ,
2024-01-04,Oil Hydraulic MEDITRAN S10W,SAE 10 W,29000,2,Ltr, WA 01 ,
2024-01-04,Oil Engine MEDITRAN SX,15W-40,29200,2,Ltr, WA 01 ,
2024-01-04,Oil Engine MEDITRAN SX,15W-40,29200,3,Ltr, N 8417 UE ,
2024-01-04,Filter Donaldson BEIBEN/UD SEMPURNA,J8621420,337500,1,pcs,TM 227 Puntir,SJ 000720
2024-01-05,Oil Hydraulic TuraliK 69,CAHAYA GUNUNG JATI,26800,20,Ltr, Forklift Kuning ,
2024-01-05,Tabung O2,*,75000,1,tbg, Crusher 2 Mamuju ,
2024-01-05,KAWAT LAS RB 3.2 ( 5KG ),BRILLIANT,160000,1,pack, Crusher 2 Mamuju ,
2024-01-05,Rubber Eng. Foot LH I8-97122 895-1,Astra Isuzu,780000,1,pcs, N 8430 BF ,REQ 001283
2024-01-05,Rubber Eng. Foot RH I8-97122 893-1,Astra Isuzu,780000,1,pcs, N 8430 BF ,REQ 001283
2024-01-05,Air Filter NKR / ASTRA,I7-55500 201 -A,230000,1,pcs, N 8430 BF ,REQ 001283
2024-01-05,Fuel Filter HINO 23401/PAK MUQ,RM Surabaya,39000,1,pcs, N 8430 BF ,REQ 001283
2024-01-05,Fuel Filter NKR & NMR / ASTRA,I8 98037481-A,90675,1,pcs, N 8430 BF ,REQ 001283
2024-01-05,Servis Tierod,Bengkel Tristar,310000,1,set, N 8430 BF ,REQ 001283
2024-01-05,Cat TC Admiral Blue 3461,Siwa Jaya,88000,2,kg, N 8430 BF ,REQ 001283
2024-01-05,Cat TC Admiral White 001,Siwa Jaya,88000,1,kg, N 8430 BF ,REQ 001283
2024-01-05,Thinner Super,SIWA JAYA,17000,5,ltr, N 8430 BF ,REQ 001283
2024-01-05,Tabung Oli Power Steering NKR71,73 Motor,300000,1,pcs, N 8430 BF ,REQ 001285
2024-01-05,Clamp Selang 3/4'',Barokah,1500,10,pcs, N 8430 BF ,REQ 001285
2024-01-05,Clamp Selang 1'',Barokah,3000,10,pcs, N 8430 BF ,REQ 001285
2024-01-05,Oil Hydraulic MEDITRAN S10W,SAE 10 W,29000,1,Ltr, N 8430 BF ,REQ 001285
2024-01-05,Bearing UCP 208 KG,Dari Pak MUQ,70000,2, pcs , Crusher ,
2024-01-05,Fuel Filter NKR & NMR / ASTRA,16-97172549-0,37000,3,pcs, N 9663 UH ,REQ 001284
2024-01-05,SEAL REM NKR71 40493,73 MOTOR,10000,4,pcs, N 9663 UH ,REQ 001284
2024-01-05,Minyak Rem PRESTONE / ARNEX,DOT 3,75000,0.3,Ltr, N 9663 UH ,REQ 001284
2024-01-05,"Wiper Blade 18"" (450mm)",73 Motor,40000,2,pcs, N 9663 UH ,REQ 001284
2024-01-05,"As Drat 3/4""",Putra Cakra,54000,1,pcs, N 9663 UH ,REQ 001284
2024-01-05,"Mur 3/4""",Putra Cakra,5000,4,pcs, N 9663 UH ,REQ 001284
2024-01-05,Bearing Roda Belakang Dalam NMR/JUB,30213 JR / KOYO,162500,1,Pcs, N 9616 UH ,REQ 001286
2024-01-05,Minyak Rem PRESTONE / ARNEX,DOT 3,75000,0.6,Ltr, N 9616 UH ,REQ 001286
2024-01-05,Seal Rem 40493 R,73 Motor,10000,8,pcs, N 9616 UH ,REQ 001286
2024-01-05,SEAL REM NKR71 40493,73 MOTOR,10000,8,pcs, N 9492 UH ,REQ 001287
2024-01-05,Oil Engine MEDITRAN SX,15W-40,29200,4,ltr, N 9492 UH ,REQ 001287
2024-01-05,SEAL DEBU ,73 Motor,4000,8,pcs, N 9492 UH ,REQ 001287
2024-01-05,LEM AUTOSEALER,MAKMUR MOTOR,12500,1,pcs, N 9489 UH ,REQ 001288
2024-01-05,OIL PERTAMINA SAE 140,RORED HDA 140,36500,6,Ltr, N 9489 UH ,REQ 001288
2024-01-05,Minyak Rem PRESTONE / ARNEX,DOT 3,75000,0.6,Ltr, N 9489 UH ,REQ 001288
2024-01-05,Baut Stud nap/ASTRA,8-97359803-0,28000,8,Pcs, N 9489 UH ,REQ 001288
2024-01-05,Mur Nap/ASTRA,17-05110 010-A,10000,8,Pcs, N 9489 UH ,REQ 001288
2024-01-05,Washer Nap/ASTRA,8-97360004-0,29000,8,Pcs, N 9489 UH ,REQ 001288
2024-01-05,AS RODA NMR71,73 MOTOR,790000,1,pcs, N 9489 UH ,REQ 001288
2024-01-05,Baut 5/8x1 1/2 (1 dus),B. 19,2735,40, pcs , Crusher 2 Mamuju ,
2024-01-05,Baut 5/8x2 1/2 (2 dus),B. 19,3330,60,pcs, Crusher 2 Mamuju ,
2024-01-05,Ring Plat 5/8,B. 19,750,120,pcs, Crusher 2 Mamuju ,
2024-01-05,Ring Pir 5/8,B. 19,500,100, pcs , Crusher 2 Mamuju ,
2024-01-05,FILTER SOLAR DUTRO SAKURA F 1008,73 MOTOR,20000,1,pcs, Tangkil Cp 08 ,SJ 000711
2024-01-05,CLAMP ACCU,73 MOTOR,30000,2,set, Tangkil Cp 08 ,SJ 000711
2024-01-05,Tabung Gas O2,*,75000,2,tbg, Tangkil ,SJ 000711
2024-01-05,Ban Luar 175 R13 LT,Bianto,700000,1,pcs, Grandmax Hitam Tangkil ,SJ 000711
2024-01-05,BELERANG HALUS/SULFUR POWDER,JAMU MEKAR SARI,20000,25,kg, Tangkil ,SJ 000711
2024-01-05,Kaca Pintu Dutro RH,SBM,450000,1,pcs, TM 207 Tangkil ,SJ 000711
2024-01-05,LIS KACA PINTU NKR RH OUT,SBM,400000,2,pcs, TM 207 Tangkil ,SJ 000711
2024-01-05,Stop Lamp ELF,SBM,100000,1,set, TM 207 Tangkil ,SJ 000719
2024-01-05,Sticker UJB Besar,,99000,4,pcs, Tangkil ,SJ 000711
2024-01-05,"Wiper Blade 18"" (450mm)",73 Motor,40000,2,pcs, TM 207 Tangkil ,SJ 000711
2024-01-05,BAN DALAM EVERSAVE 900-20,SBM,240000,2,pcs, Tangkil ,SJ 000719
2024-01-05,Marshet R20 GT,SBM,100000,2,pcs, Tangkil ,SJ 000719
2024-01-05,Solasi Listrik Besar,73 Motor,8500,2,pcs, Tangkil ,SJ 000719
2024-01-05,Kabel NYAF 35/Accu,Sehat Kabel,91000,1,mtr, Tangkil ,SJ 000719
2024-01-05,Skun ACCU,73 Motor,7500,4,pcs, Tangkil ,SJ 000719
2024-01-05,Switch Rem FE,Cakra Motor,30000,1,pcs, Tangkil ,SJ 000719
2024-01-05,Sticker Lambung CP ,,30000,8,pcs, Tangkil ,SJ 000719
2024-01-05,BAN DALAM EVERSAVE 900-20,SBM,240000,2,pcs,Puntir Readymix,SJ 000721
2024-01-05,Marshet R20 GT,SBM,100000,2,pcs,Puntir Readymix,SJ 000721
2024-01-05,Repair Joint set Loader,Triyenny Jaya,175000,1,set, WA 150 Puntir ,SJ 000722
2024-01-06,Tabung O2,*,75000,1,tbg, Crusher 2 Mamuju ,
2024-01-06,"Mata Gerinda Potong 4""",,2500,2,Pcs, Crusher 2 Mamuju ,
2024-01-06,Solasi Listrik Besar,73 Motor,8500,1,pcs, Crusher 2 Mamuju ,
2024-01-06,KAWAT LAS RB 2.6,CAKRA MOTOR,900,98,pcs, Crusher 2 Mamuju ,
2024-01-06,Kawat Las RB 3.2 (5 kg),Brilliant,160000,1,pack, Crusher 2 Mamuju ,
2024-01-06,OIL PERTAMINA SAE 140,RORED HDA 140,36500,0.5,Ltr, N 9210 UF ,REQ 001289
2024-01-06,Baut Stud nap/ASTRA,8-97359803-0,28000,2,Pcs, N 9210 UF ,REQ 001289
2024-01-06,Mur Nap/ASTRA,17-05110 010-A,10000,2,Pcs, N 9210 UF ,REQ 001289
2024-01-06,Washer Nap/ASTRA,8-97360004-0,29000,2,Pcs, N 9210 UF ,REQ 001289
2024-01-06,Oil Engine MEDITRAN SX,15W-40,29200,9, ltr , N 9490 UH ,REQ 001290
2024-01-06,Oil Filter NKR/NMR I6-97247 514-0,Astra Isuzu,97000,1,pcs, N 9490 UH ,REQ 001290
2024-01-06,Oil Hydraulic TuraliK 69,CAHAYA GUNUNG JATI,26800,2,Ltr, N 9490 UH ,REQ 001290
2024-01-06,Ban Luar 750-16 Y866 BS/BSN,T8901/HNJ4323,2175000,1,set, N 9210 UF ,REQ 000501
2024-01-06,Ban Luar 750-16 Y866 BS/BSN,T1201/HNJ4323,2175000,1,set, N 9210 UF ,REQ 000501
2024-01-06,Ban Luar 750-16 JOYALL,930 524 512,2100000,1,set, N 9614 UH ,REQ 001350
2024-01-06,Ban Luar 750-16 JOYALL,930 685 742,2100000,1,set, N 9614 UH ,REQ 001350
2024-01-06,Oil Engine MEDITRAN SX,15W-40,29200,2, ltr , Wa 01 ,
2024-01-06,Oil Hydraulic MEDITRAN S10W,SAE 10 W,29000,2,Ltr, Wa 01 ,
2024-01-06,Oil Engine MEDITRAN SX,15W-40,29200,3,Ltr, N 8515 UH ,
2024-01-06,RELAY 24V HELLA,CAKRA MOTOR,35000,1,pcs, N 8105 UB ,
2024-01-06,KLAKSON 24V DENSO,73 MOTOR,155000,0.5,set, N 8303 UH ,
2024-01-06,Velg Baru L6-12mm,P/N,910000,1, pcs , N 8271 UF ,
2024-01-06,Kain Warna ,Toko 27,12500,8,kg, Mekanik ,
2024-01-06,Ban Luar 750-16 BS/BSN Depan,DT 5565-14,1700000,1,pcs, N 9616 UH ,Req 000502
2024-01-06,Ban Dalam 700/750-16 BR-9,Berkah Sigma Jaya,125000,1,pcs, N 9616 UH ,Req 000502
2024-01-06,Marshet R16 Swallow,Berkah Sigma Jaya,50000,1,pcs, N 9616 UH ,Req 000502
2024-01-06,Tambal Ban ,Kas 3/1,30000,1,Pcs , Granmax Pvg  ,
2024-01-06,Verf Carbon Black N330,Kas 29/12,760000,2,Sak , Paving  ,
2024-01-06,Verf Iron Oxide Red ,Kas 29/12,750000,2,Sak , Paving  ,
2024-01-06,Vulkanisir Jadi Dingin Ban 1000-20,UJB 939,1650000,1,pcs, Tangkil ,SJ 000723
2024-01-06,Vulkanisir Jadi Dingin Ban 1000-20,UJB 940,1650000,1,pcs, Tangkil ,SJ 000723
2024-01-06,Vulkanisir Jadi Dingin Ban 1000-20,UJB 941,1650000,1,pcs, Tangkil ,SJ 000723
2024-01-06,Vulkanisir Jadi Dingin Ban 1000-20,UJB 942,1650000,1,pcs, Tangkil ,SJ 000723
2024-01-06,"Gerinda Selep  NR 4""",Prima Sekar,11000,2,pcs, Tangkil ,SJ 000723
2024-01-06,Oil Engine MEDITRAN SX 15W-40,CAHAYA GUNUNG JATI,6100000,1,drum, Tangkil ,SJ 000723
2024-01-06,WD 40 (333 ML),Asian Bearindo Jaya,68265,2,klg, Tangkil ,SJ 000723
2024-01-06,"Gerinda Potong 4""",*,2625,2,pcs, Tangkil ,SJ 000723
2024-01-06,SELANG BONIT 10mmx1.5mm,Anugerah Jaya Motor,35000,10,mtr, Tangkil ,SJ 000723
2024-01-06,SELANG BONIT 6mm,Anugerah Jaya Motor,20000,10,mtr, Tangkil ,SJ 000723
2024-01-06,Slack Adjuster Blkg RH Nissan,SUMBER BERKAT DIESEL,1200000,1,pcs, TM Fuso L 9160 UA ,SJ 000723
2024-01-08,Oil Engine MEDITRAN SX,15W-40,29200,1,ltr, N 8271 UE ,
2024-01-08,Obat Resin,Siwa Jaya,10000,1,ons, Pompa Air Babat ,
2024-01-08,Oil Engine MEDITRAN SX,15W-40,29200,2.5,ltr, N 9058 UF ,
2024-01-08,Ban Dalam 700/750-16 BR-9,Berkah Sigma Jaya,125000,1,pcs, N 9058 UF ,
2024-01-08,OIL PERTAMINA SAE 140,RORED HDA 140,36500,3,ltr, Paving 3 ,
2024-01-08,Cat TC Admiral Blue 3461,Siwa Jaya,88000,1,kg, N 9446 UG ,
2024-01-08,Baut Nap FE Halus,73 Motor,12500,4,pcs, N 9446 UG ,
2024-01-08,Grease Bearing SHELL - Gadus S2V150C 3,Panca Putra Mitra Tama,1500000,1,pail, Crusher ,
2024-01-08,"Gerinda Selep Nippon Resibon 4""",Prima Sekar,16000,2,pcs, Crusher 2 Mamuju ,
2024-01-08,Tabung O2,*,75000,1,tbg, Crusher 2 Mamuju ,
2024-01-08,"Gerinda Potong WD 4""",Prima Sekar,50000,1,pack, Conveyor Crusher 2 Mamuju ,
2024-01-08,Solasi Listrik,73 Motor,8500,1,pcs, Mekanik ,
2024-01-08,"WIPRO Kunci Filter Oli Sabuk WP 1015 9""",Sakti Putra Perdana,117105,1,pcs, Mekanik ,
2024-01-08,OIL PERTAMINA SAE 140,RORED HDA 140,36500,6,Ltr, N 9443 UG ,
2024-01-08,Oil Engine MEDITRAN SX,15W-40,29200,2, ltr , Wa 01 ,
2024-01-08,Oil Hydraulic MEDITRAN S10W,SAE 10 W,29000,2,Ltr, Wa 01 ,
2024-01-08,Bearing Gardan 30309 DJR,Lahar Jaya,185000,1,pcs, N 9446 UG ,
2024-01-08,Bearing Gardan 30310 DJR,Lahar Jaya,225000,1,pcs, N 9446 UG ,
2024-01-08,ADK Vibrator motor 3phase 2.400,21/12 - Interjaya Suryamegah,3390000,1,pcs, Readymix Banjar  ,Ekspedisi
2024-01-08,Bensin Ecer Cuci Turbo ,Kas ,12000,2,ltr, N 8761 UG ,
2024-01-08,BBM Traga Storing ke Curah Koboan ,Kas ,6800,14.70588235,ltr, N 9443 UG ,
2024-01-08,UM Storing P. Hadi + P. Rudi + Febri ,Kas ,15000,3,Org , N 9443 UG ,
2024-01-08,Konveyor 60cm x 3ply Sersan,Wariadi,489425,20,m,Kediri Readymix,SJ 000726
2024-01-08,OIL PERTAMINA SAE 140,RORED HDA 140,36500,40,ltr,Kediri Readymix,SJ 000726
2024-01-08,Push Button On/Off BS230B,Kas - Ipul Electric,25000,1,pcs, Pompa Air Babat ,
2024-01-09,Oil Hydraulic TuraliK 69,CAHAYA GUNUNG JATI,26800,2,Ltr, Wa 01 ,
2024-01-09,Oil Hydraulic MEDITRAN S10W,SAE 10 W,29000,2,Ltr, Wa 01 ,
2024-01-09,Solasi Kertas Besar Daimaru,Toko 27,16000,1,pcs, Mekanik ,
2024-01-09,Cabel Transmisi,I8-97351 821-A,360750,1,pcs, N 8105 UB ,Req 001291
2024-01-09,Oil Engine MEDITRAN SX,15W-40,29200,9, ltr , N 9452 UG ,Req 001292
2024-01-09,Oil Filter NKR & NMR/ Astra,16-97247 514-0,94575,1,Pcs, N 9452 UG ,Req 001292
2024-01-09,Ban Luar 7.50-16 BS/BSN,T8902-HNJ4223,2175000,1,set, N 9452 UG ,Req 000503
2024-01-09,Ban Luar 7.50-16 BS/BSN,T1202-HNJ4223,2175000,1,set, N 9452 UG ,Req 000503
2024-01-09,WD 40 (333 ML),Asian Bearindo Jaya,68265,1,klg, Mekanik ,
2024-01-09,Lem Autosealer,Makmur Motor,12500,1,pcs, N 8761 UG ,REQ 001293
2024-01-09,LEM THREEBOND ,73 MOTOR,30000,1,pcs, N 8761 UG ,REQ 001293
2024-01-09,CATRIDGE/ ROTATING KIT TURBO NMR71,73 MOTOR,1350000,1,pcs, N 8761 UG ,REQ 001293
2024-01-09,Talang Air ELF,SBM,100000,1,set, N 8761 UG ,REQ 001293
2024-01-09,SPROCKET RS80-23T,OMEGA TECH,234000,7,pcs, Crusher 2 Mamuju ,
2024-01-09,SPROCKET RS80-15T,OMEGA TECH,107000,7,pcs, Crusher 2 Mamuju ,
2024-01-09,Chain Coupling 5014,OMEGA TECH,280000,7,pcs, Crusher 2 Mamuju ,
2024-01-09,ROLLER CHAIN RS 80-1,OMEGA TECH,549000,6,roll, Crusher 2 Mamuju ,
2024-01-09,Connecting Link RS80-1,OMEGA TECH,9000,5,pcs, Crusher 2 Mamuju ,
2024-01-09,Minyak Rem PRESTONE / ARNEX,DOT 3,75000,0.4,ltr, N 8271 UE ,
2024-01-09,Oil Hydraulic TuraliK 69,CAHAYA GUNUNG JATI,26800,2,Ltr, N 8303 UH ,
2024-01-09,Bearing Gardan 30309 DJR,Lahar Jaya,185000,1,pcs, N 9446 UG ,REQ 001294
2024-01-09,Bearing Gardan 30310 DJR,Lahar Jaya,225000,1,pcs, N 9446 UG ,REQ 001294
2024-01-09,Baut Nap FE Halus,73 Motor,12500,3,pcs, N 9446 UG ,REQ 001294
2024-01-09,Minyak Rem PRESTONE / ARNEX,DOT 3,75000,0.5,ltr, N 9429 UG ,
2024-01-09,Fuel Filter  HINO 23401-1332L/SBD,SUMBER BERKAT DIESEL,39000,1,pcs, N 8428 BF ,
2024-01-09,Fuel Filter NKR & NMR I8 98037481-A,Astra Isuzu,90675,1,Pcs, N 8428 BF ,
2024-01-09,Ban Dalam 700/750-16 BR-9,Berkah Sigma Jaya,125000,1,pcs, N 8428 BF ,
2024-01-09,Oil Engine MEDITRAN SX,15W-40,29200,9, ltr , Pak Kris ,
2024-01-09,"Mata Bor 6,5",Kas ,25000,1,Pcs , Mekanik ,
2024-01-09,Mata Bor 5,Kas ,13000,1,Pcs , Mekanik ,
2024-01-09,Vulkanisir Jadi Dingin Ban 1000-20,UJB 937,1650000,1,pcs,Readymix Puntir,SJ 000728
2024-01-09,Vulkanisir Jadi Dingin Ban 1000-20,UJB 938,1650000,1,pcs,Readymix Puntir,SJ 000728
2024-01-09,Jasa Vulkanisir Dingin Ban 1000-20,UJB 935,1050000,1,pcs,Readymix Puntir,SJ 000728
2024-01-09,Jasa Vulkanisir Dingin Ban 1000-20,UJB 657,1050000,1,pcs,Readymix Puntir,SJ 000728
2024-01-09,Jasa Vulkanisir Panas Ban 1000-20,UJB 315,825000,1,pcs,Readymix Puntir,SJ 000728
2024-01-09,Jasa Vulkanisir Panas Ban 1000-20,UJB 936,825000,1,pcs,Readymix Puntir,SJ 000728
2024-01-09,Ban Luar ORI 1000-20 BS/BSN,UJB 904,3575000,1,pcs,Readymix Puntir,SJ 000728
2024-01-09,Ban Dalam 900-20 BR-9,Berkah Sigma Jaya,245000,4,pcs,Readymix Puntir,SJ 000728
2024-01-09,Marshet R20 Swallow,Berkah Sigma Jaya,90000,4,pcs,Readymix Puntir,SJ 000728
2024-01-09,Jasa Vulkanisir Dingin Ban 750-16 SWL/MJS,2117321,725000,1,pcs, N 9489 UH Puntir ,SJ 000729
2024-01-09,Jasa Vulkanisir Dingin Ban 750-16 SWL/MJS,428208,725000,1,pcs, N 9613 UH Puntir ,SJ 000729
2024-01-09,Jasa Vulkanisir Dingin Ban 750-16 SWL/MJS,4714223,725000,1,pcs, N 9491 UH  ,SJ 000729
2024-01-09,Jasa Vulkanisir Dingin Ban 750-16 GT/MJS,F2421,725000,1,pcs, N 9489 UH Puntir ,SJ 000729
2024-01-09,Ban Dalam 700/750-16 BR-9,Berkah Sigma Jaya,125000,2,pcs,N 9489 UH,SJ 000729
2024-01-09,Ban Dalam 700/750-16 BR-9,Berkah Sigma Jaya,125000,1,pcs,N 9491 UH,SJ 000729
2024-01-09,Ban Dalam 700/750-16 BR-9,Berkah Sigma Jaya,125000,1,pcs,N 9613 UH,SJ 000729
2024-01-09,Marshet R16 Swallow,Berkah Sigma Jaya,50000,2,pcs,N 9489 UH,SJ 000729
2024-01-09,Marshet R16 Swallow,Berkah Sigma Jaya,50000,1,pcs,N 9491 UH,SJ 000729
2024-01-09,Marshet R16 Swallow,Berkah Sigma Jaya,50000,1,pcs,N 9613 UH,SJ 000729
2024-01-10,TABUNG SKEP CANTER,73 MOTOR,175000,1,pcs, N 9443 UG ,REQ 001295
2024-01-10,SEKRING MINI 15A,73 Motor,4000,5,Pcs, N 9443 UG ,REQ 001295
2024-01-10,Bearing Pinion NMR / JUB / J 30-1 ACG38,SBM,355000,1,pcs, N 9443 UG ,
2024-01-10,Bearing Gardan 3984/20 / JUB,3984 / 20,165500,2,Pcs, N 9443 UG ,
2024-01-10,Seal Pinion/MOB gardan  / PM SBY,8-97047609-0,45000,1,Pcs, N 9443 UG ,
2024-01-10,SPACER COLLAR PINION Gardan NMR 1-41219004-0,73 MOTOR,160000,1,pcs, N 9443 UG ,
2024-01-10,Bearing Gardan 30309 DJR Koyo,Lahar Jaya,185000,1,pcs, N 9443 UG ,
2024-01-10,Bearing Gardan 30310 DJR Koyo,Lahar Jaya,220000,1,pcs, N 9443 UG ,
2024-01-10,Gear Pinion Crown Wheel / NMR 71 / 43x7,ASTRA ISUZU,4192500,1,Set, N 9443 UG ,
2024-01-10,Master Kopling Bawah NKR / NMR 71 ORI,73 Motor,670000,1,pcs, N 8271 UE ,
2024-01-10,Minyak Rem PRESTONE / ARNEX,DOT 3,75000,0.25,ltr, N 8271 UE ,
2024-01-10,Kawat Las RB 3.2 (5 kg),Brilliant,160000,1,pack, Crusher 2 Mamuju ,
2024-01-10,Fuel Filter Donaldson / UD SMPRN,J8620120 ,72000,1,pcs, WA 01 ,
2024-01-10,V belt B63 Bando,Cakra Motor,69500,1,pcs, Paving 3 ,
2024-01-10,"As Drat 3/4""",B. 19,57000,12,pcs, Crusher 2 Mamuju ,
2024-01-10,"Mur 3/4""",B. 19,2800,60,pcs, Crusher 2 Mamuju ,
2024-01-10,RING PLAT 3/4,B. 19,1000,30,pcs, Crusher 2 Mamuju ,
2024-01-10,"As Drat 3/4""",Putra Cakra,54000,2,pcs, Crusher 2 Mamuju ,
2024-01-10,Splitpen/Pin Lock 5 x 60,Putra Cakra,2500,28,pcs, Crusher 2 Mamuju ,
2024-01-10,"Gerinda Selep Nippon Resibon 4""",Prima Sekar,16000,2,pcs, Crusher 2 Mamuju ,
2024-01-10,Mata Bor Besi 6mm,Barokah,37500,2,pcs, Crusher 2 Mamuju ,
2024-01-10,Baut seng/conveyor  1/4 x 1 3/4'',B. 19,54500,1,gross, Crusher ,
2024-01-10,RING 6M KONVEYOR,B. 19,200,200,pcs, Crusher ,
2024-01-10,V Belt Gaido C77,Omega Tech,98000,3,pcs, Crusher ,
2024-01-10,Bensin Ecer ,Kas,12000,2,Ltr , N 9443 UG ,
2024-01-10,KABEL BODI 0.8,CAKRA MOTOR,3000,12,mtr, CP 03 Tangkil ,SJ 000727
2024-01-10,Oil RORED HDA 90,CAHAYA GUNUNG JATI,38000,15,Ltr, Craine Tangkil ,SJ 000727
2024-01-10,Pompa Solar Besi Denso,73 Motor,210000,1,pcs, CP 03 Tangkil ,SJ 000727
2024-01-10,Tutup Radiator Besar,Nusa Gatra Supraba,50000,1,pcs, TM 204 Tangkil ,SJ 000727
2024-01-10,Cross Joint,,200000,1,pcs, CP 03 Tangkil ,SJ 000727
2024-01-10,Grease Chasis COBRA,CV ARNEX,740000,1,pail, Tangkil ,SJ 000727
2024-01-10,Vulkanisir Jadi Dingin Ban 1000-20 GT/MJS,UJB 943,1650000,1,pcs, Tangkil ,SJ 000727
2024-01-10,Vulkanisir Jadi Dingin Ban 1000-20 GT/MJS,UJB 944,1650000,1,pcs, Tangkil ,SJ 000727
2024-01-10,Ban Dalam 900-20 BR-9,Berkah Sigma Jaya,245000,2,pcs, Tangkil ,SJ 000727
2024-01-10,Marshet R20 Swallow,Berkah Sigma Jaya,90000,2,pcs, Tangkil ,SJ 000727
2024-01-10,Servis Tierod,Bengkel Tristar,155000,1,set, TM 209 Tangkil ,By Nota
2024-01-10,Nozzle Sleeve I8-98018 462-0,Astra Isuzu,820000,1,pcs, TM 204 Tangkil ,Langsung kirim Tangkil
2024-01-10,Gasket SL I8-97604 916-0,Astra Isuzu,62000,2,pcs, TM 204 Tangkil ,Langsung kirim Tangkil
2024-01-11,Oil Hydraulic MEDITRAN S10W,SAE 10 W,29000,4,Ltr, WA 01 ,
2024-01-11,Oil Hydraulic TuraliK 69,CAHAYA GUNUNG JATI,26800,2,Ltr, WA 01 ,
2024-01-11,Oil Engine MEDITRAN SX,15W-40,29200,2,Ltr, WA 01 ,
2024-01-11,Oil Engine MEDITRAN SX,15W-40,29200,9, ltr , N 9663 UH ,
2024-01-11,Oil Filter NKR & NMR/ SM,16-97247 514-0,83000,1,Pcs, N 9663 UH ,
2024-01-11,Bearing Roda Belakang Dalam NKR / JUB,29586 YA/22YA,202500,1,Pcs, N 8761 UG ,
2024-01-11,Bearing Roda Belakang Luar / JUB,28680/22 KOYO,176750,1,Pcs, N 8761 UG ,
2024-01-11,Seal Roda blk Luar NKR & NMR,Makmur Motor,45000,2,pcs, N 8761 UG ,
2024-01-11,Seal Roda Belakang Dalam NKR - RM,8-94336-316-0,37500,1,Pcs, N 8761 UG ,
2024-01-11,Solasi Listrik,73 Motor,8500,1,pcs, N 8761 UG ,
2024-01-11,Seal Rem 40493 R,73 Motor,10000,4,pcs, N 8761 UG ,
2024-01-11,Kawel Pir Belakang Elf,Sumber Baru Motor,45000,1,pcs, N 8761 UG ,
2024-01-11,Kawat Las RB 4.0 mm,CV Brilliant,1565,21,pcs, N 8761 UG ,
2024-01-11,OIL PERTAMINA SAE 140,RORED HDA 140,36500,4,Ltr, N 8761 UG ,
2024-01-11,Minyak Rem PRESTONE / ARNEX,DOT 3,75000,0.6,Ltr, N 8761 UG ,
2024-01-11,"Gerinda Selep Nippon Resibon 4""",Prima Sekar,16000,1,pcs, N 8761 UG ,
2024-01-11,Seal Pinion/MOB gardan  / PM SBY,8-97047609-0,45000,1,Pcs, N 8761 UG ,
2024-01-11,Cat Avian 754,Siwa Jaya,76000,2,kg, N 8105 UB ,
2024-01-11,"Gerinda Selep Nippon Resibon 4""",Prima Sekar,16000,1,pcs, Crusher 2 Mamuju ,
2024-01-11,Ring 3/4 Tebal ,Putra Cakra,1000,30,pcs, Crusher 2 Mamuju ,
2024-01-11,"Wiper 19"" Denso",Cakra Motor,50000,2,pcs, N 8432 BF ,
2024-01-11,Ban Luar 750-16 BS/BSN Depan,DK 5565-39/DJ2723,1700000,1,pcs, N 9490 UH ,Req 000505
2024-01-11,Ban Dalam 700/750-16 BR-9,Berkah Sigma Jaya,125000,1,pcs, N 9490 UH ,Req 000505
2024-01-11,Marshet R16 Swallow,Berkah Sigma Jaya,50000,1,pcs, N 9490 UH ,Req 000505
2024-01-11,Impact Baterai JLD 550 NM,Kas - Rizki Tools,1300000,1,set, Mekanik ,
2024-01-11,Rachet Puller Wipro,Kas - Sakti Putra Perdana,260073,1,pcs, Mekanik ,
2024-01-11,Bensin Ecer ,Kas ,12000,1,ltr , N 8761 UG  ,
2024-01-11,BBM Traga Storing ke puntir ,Kas ,6800,14.70588235,ltr , H 9520 UV  ,
2024-01-11,"UM Storing P. Hadi, P. Rudi, P. Edi ",Kas ,15000,3,org, H 9520 UV  ,
2024-01-11,E-Toll ke Puntir Storing PP ,Kas ,21500,2,x, H 9520 UV  ,
2024-01-11,Grease Bearing SHELL - Gadus S2V150C 3,Panca Putra Mitra Tama,1500000,3,pail,Crusher Puntir,SJ 000731
2024-01-11,Filter Element Sem 5364903,Trakindo SBY,1012501,1,pcs, Loader Sem Crusher Kediri ,SJ 000732
2024-01-11,Filter Element Sem 5185260,Trakindo SBY,159487,1,pcs, Loader Sem Crusher Kediri ,SJ 000732
2024-01-11,Filter Element Sem 5272038,Trakindo SBY,291012,1,pcs, Loader Sem Crusher Kediri ,SJ 000732
2024-01-11,Filter AS Element Sem 6164702,Trakindo SBY,602046,1,pcs, Loader Sem Crusher Kediri ,SJ 000732
2024-01-11,Bearing Roda 32210 JR,Jaya Utama bearing,128505,2,pcs, Crusher Kediri ,SJ 000732
2024-01-11,BEARING 30213 JR RWI ELF NMR71,73 Motor,190000,2,pcs, Crusher Kediri ,SJ 000732
2024-01-11,Seal Roda blk Luar NKR & NMR,Makmur Motor,45000,2,pcs, Crusher Kediri ,SJ 000732
2024-01-11,Seal Roda Belakang Dalam NMR  - RM,8 - 97122937 - 0,45000,2,Pcs, Crusher Kediri ,SJ 000732
2024-01-11,Seal Rem 40493,Makmur Motor,11000,20,pcs, Crusher Kediri ,SJ 000732
2024-01-11,Baut Roda BLK NKR 71 RH,Makmur Motor,60000,5,pcs, Crusher Kediri ,SJ 000732
2024-01-11,BAUT RODA NKR71 RR-LH MITSUDA,73 MOTOR,57500,5,pcs, Crusher Kediri ,SJ 000732
2024-01-11,Tabung O2,*,75000,1,tbg, Crusher Kediri ,SJ 000732
2024-01-11,Oil Engine MEDITRAN SX,15W-40,29200,40,Ltr, Crusher Kediri ,SJ 000733
2024-01-11,Oil Hydraulic TURALIK 48 ,CAHAYA Gunung Jati,28300,40,ltr, Crusher Kediri ,SJ 000733
2024-01-11,Oil RORED HDA 90,CAHAYA GUNUNG JATI,38000,40,Ltr, Crusher Kediri ,SJ 000733
2024-01-11,Belt Conveyor 60x3Ply,Dwi Mandiri Jaya,210000,100,mtr, Crusher Kediri ,SJ 000733
2024-01-11,OIL PERTAMINA SAE 140,RORED HDA 140,36500,12,Ltr, Crusher Kediri ,SJ 000733
2024-01-11,MINYAK REM PRESTONE,CV. ARNEX,75000,3,ltr, Crusher Kediri ,SJ 000733
2024-01-11,Velg repair L6-12mm,Triyenny,60000,1,pcs, Crusher Kediri ,SJ 000733
2024-01-11,Daun Velg L-6 LANTECH,P/N,400000,1,Pcs, Crusher Kediri ,SJ 000733
2024-01-11,Kawat Las RB 4.0 mm,Untuk Las Velg,1565,11,pcs, Crusher Kediri ,SJ 000733
2024-01-11,Kanvas Rem NKR 71,DIRGAPUTRA EKAPRATAMA,41125,2,pcs, Crusher Kediri ,SJ 000733
2024-01-11,Grease Bearing SHELL - Gadus S2V150C 3,Panca Putra Mitra Tama,1500000,1,pail, Crusher Kediri ,SJ 000733
2024-01-11,Jurigen,*,20000,2,pcs, Crusher Kediri ,SJ 000733
2024-01-11,Jasa Vulkanisir Dingin Ban 1100-20 BS/MJS,UJB 169,1150000,1,pcs, Mojoagung ,SJ 000734
2024-01-11,Jasa Vulkanisir Dingin Ban 1100-20 BS/MJS,UJB 194,1150000,1,pcs, Mojoagung ,SJ 000734
2024-01-11,Jasa Vulkanisir Dingin Ban 1100-20 BS/MJS,UJB 554,1150000,1,pcs, Mojoagung ,SJ 000734
2024-01-11,Jasa Vulkanisir Dingin Ban 1100-20 CHSH/MJS,UJB 947,1150000,1,pcs, Mojoagung ,SJ 000734
2024-01-11,Jasa Vulkanisir Dingin Ban 1100-20 CHSH/MJS,UJB 948,1150000,1,pcs, Mojoagung ,SJ 000734
2024-01-11,Ban Dalam 1000-20 BR-9,Berkah Sigma Jaya,265000,3,pcs, Mojoagung ,SJ 000734
2024-01-11,Marshet R20 Swallow,Berkah Sigma Jaya,90000,3,pcs, Mojoagung ,SJ 000734
2024-01-11,BAUT GARDAN NKR 71,Kas - 73 MOTOR,35000,6,pcs,N 8761 UG ,
2024-01-12,Minyak Rem PRESTONE / ARNEX,DOT 3,75000,0.3,Ltr, Forklift Kuning ,
2024-01-12,Lem Autosealer,Makmur Motor,12500,1,pcs, WA 01 ,
2024-01-12,Air Accu PEGASUS,Cakra Motor,9583,1,btl, WA 01 ,
2024-01-12,Air Accu PEGASUS,Cakra Motor,10000,2,btl, WA 01 ,
2024-01-12,Oil Hydraulic MEDITRAN S10W,SAE 10 W,29000,2,Ltr, WA 01 ,
2024-01-12,Lem Autosealer,Makmur Motor,12500,1,pcs, N 9456 UG ,Req 001297
2024-01-12,Jasa Repair Velg ,Triyenny Jaya,60000,1,pcs, N 9456 UG ,Req 001297
2024-01-12,Lem Besi Dextone,Barokah,16000,1,pcs, N 9456 UG ,Req 001297
2024-01-12,BAUT GARDAN NKR 71,73 MOTOR,35000,1,pcs, N 9456 UG ,Req 001297
2024-01-12,OIL PERTAMINA SAE 140,RORED HDA 140,36500,6,Ltr, N 9456 UG ,Req 001297
2024-01-12,Servis Tierod,Bengkel Tristar,310000,1,set, N 9456 UG ,Req 001297
2024-01-12,Seal KIT Borm Sterring NKR 71,Makmur Motor,265000,1,set, N 9456 UG ,Req 001297
2024-01-12,Oil Hydraulic MEDITRAN S10W,SAE 10 W,29000,1.5,Ltr, N 9456 UG ,Req 001297
2024-01-12,Bearing Roda Depan Luar / JUB,32207 J KOYO,77000,1,Pcs, N 9456 UG ,Req 001297
2024-01-12,Seal Borem,Virgo Motor,55000,1,pcs, N 9456 UG ,Req 001297
2024-01-12,O Ring Viton,Virgo Motor,20000,2,pcs, N 9456 UG ,Req 001297
2024-01-12,SIKAT MANGKOK,SIWA JAYA,15000,1,pcs, N 8105 UB ,
2024-01-12,"Kuas 5""",Djasa Bhakti,20000,2,pcs, N 8105 UB ,
2024-01-12,Thinner Super,SIWA JAYA,17000,20,ltr, Crusher 2 Mamuju ,
2024-01-12,Epoxy Dana Grey + Hardener,Toko 27 ,82500,6,pcs, Crusher 2 Mamuju ,
2024-01-12,FLAPDISC 60,PRIMA SEKAR,5750,1,pcs, Crusher 2 Mamuju ,
2024-01-12,Servis Dinamo Amp NKR,BJL,263000,1,unit, N 8417 UE ,
2024-01-12,V BELT A 41 MOULEND,OMEGA TECH,31000,2,pcs, N 9849 UH ,Req 001296
2024-01-12,Velg repair L6-12mm,Triyenny,60000,1,pcs, N 9616 UH ,Req 001298
2024-01-12,Daun Velg L-6 LANTECH,P/N,400000,1,Pcs, N 9616 UH ,Req 001298
2024-01-12,Kawat Las RB 4.0 mm,Untuk Las Velg,1565,11,pcs, N 9616 UH ,Req 001298
2024-01-12,Bensin Ecer ,Kas ,12000,3,ltr , Ngecat N 8105 UB ,
2024-01-12,Tambal ban Supra X ,Kas ,15000,1,Pcs, Supra X  ,
2024-01-12,Isi Angin ,Kas ,2000,1,Pcs, Supra X  ,
2024-01-12,Bensin Ecer ,Kas ,12000,1,Ltr , Cuci gardan N 9456 UG ,
2024-01-12,Hose Fuel/Selang Solar 5/16,73 Motor,7500,10,mtr, Tangkil ,SJ 000730
2024-01-12,LEM THREEBOND ,73 MOTOR,30000,2,pcs, Tangkil ,SJ 000730
2024-01-12,Tie Rod Univ / Verseneling,Makmur Motor,65000,1,pcs, Tangkil ,SJ 000730
2024-01-12,Tabung O2,12329/37663,75000,2,pcs, Tangkil ,SJ 000730
2024-01-12,Oil Hydraulic MEDITRAN S10W,SAE 10 W,29000,15,Ltr, Tangkil ,SJ 000730
2024-01-12,Ban Vulkanisir 825-16/Dari Puntir P.muq,HDFD 4620,900000,1,pcs, Tangkil ,SJ 000730
2024-01-12,Ban Vulkanisir 825-16/Dari Puntir P.muq,HDFD 0820,900000,1,pcs, Tangkil ,SJ 000730
2024-01-12,Ban Vulkanisir 825-16/Dari Puntir P.muq,HDFD 0820,900000,1,pcs, Tangkil ,SJ 000730
2024-01-12,Ban Vulkanisir 825-16/Dari Puntir P.muq,HDFD 3421,900000,1,pcs, Tangkil ,SJ 000730
2024-01-12,Vulkanisir Jadi Dingin Ban 1000-20 GT/MJS,UJB 945,1650000,1,pcs, Tangkil ,SJ 000730
2024-01-12,Vulkanisir Jadi Dingin Ban 1000-20 KZ/MJS,UJB 946,1650000,1,pcs, Tangkil ,SJ 000730
2024-01-12,Ban Dalam 900-20 BR-9,Berkah Sigma Jaya,245000,3,pcs, Tangkil ,SJ 000735
2024-01-12,Marshet R20 Swallow,Berkah Sigma Jaya,90000,3,pcs, Tangkil ,SJ 000735
2024-01-12,Ban Dalam 700/750-16 BR-9,Berkah Sigma Jaya,125000,4,pcs, Tangkil ,SJ 000735
2024-01-12,Marshet R16 Swallow,Berkah Sigma Jaya,50000,4,pcs, Tangkil ,SJ 000735
2024-01-12,Seal Roda blk Luar FAW/98x130x12,Gaya Makmur Motor,13320,4,pcs, Tangkil TM 213 ,SJ 000735
2024-01-12,Seal Roda blk Dalam FAW/53x63x8,Gaya Makmur Motor,133200,4,pcs, Tangkil TM 213 ,SJ 000735
2024-01-12,Plat Potong 26x24x2 + 16x10x3,Kas - Aneka Logam,19000,44,kg,Paving 3,
2024-01-13,RING SOLAR (100PCS),SBM,4000,4,pcs, WA 01 ,
2024-01-13,Oil Hydraulic MEDITRAN S10W,SAE 10 W,29000,2.5,Ltr, WA 01 ,
2024-01-13,Oil Engine MEDITRAN SX,15W-40,29200,1,Ltr, WA 01 ,
2024-01-13,SEAL REM NKR71 40493,73 MOTOR,10000,4,pcs, N 8444 UF ,REQ 001299
2024-01-13,BAUT RODA NKR71 RR-RH MITSUDA,73 MOTOR,57500,2,pcs, N 8444 UF ,REQ 001299
2024-01-13,Minyak Rem PRESTONE / ARNEX,DOT 3,75000,0.3,ltr, N 8444 UF ,REQ 001299
2024-01-13,SEAL DEBU ,73 Motor,4000,4,pcs, N 8444 UF ,REQ 001299
2024-01-13,"Gerinda Potong WD 4""",Prima Sekar,2500,1,pcs, Paving 3 ,
2024-01-13,"Gerinda Selep Nippon Resibon 4""",Prima Sekar,16000,2,pcs, Paving 3 ,
2024-01-13,Velg Baru L6-12mm,P/N,900000,1,pcs, N 9210 UF ,REQ 001300
2024-01-13,Pilox Diton 300cc,Siwa Jaya,28000,2,btl, Armada ,
2024-01-13,Pylox 108 Yellow,Toko 27,30000,3,btl, Armada ,
2024-01-13,CATRIDGE/ ROTATING KIT TURBO NMR71,73 MOTOR,1350000,1,pcs, N 8271 UE ,
2024-01-13,WD 40 (333 ML),73 MOTOR,55000,1,pcs, N 8271 UE ,
2024-01-13,Lem Autosealer,Makmur Motor,12500,1,pcs, N 8271 UE ,
2024-01-13,Bor Tap Baut Turbo,Tekad Jaya Motor,15000,6,pcs, N 8271 UE ,
2024-01-13,SAMBUNG SENTER PUCUK BLOMBONG KIRI+KANAN,BAMBANG AS,600000,2,pcs, N 9489 UH ,
2024-01-13,BOR Tap + Baut Nap,BAMBANG AS,25000,6,pcs, N 9489 UH ,
2024-01-13,End Tube / Spindle I6-98272 086-2,Astra ISUZU,1200000,2, pcs , N 9489 UH ,
2024-01-13,Thinner Super,SIWA JAYA,17000,20,ltr, Crusher 2 Mamuju ,
2024-01-13,Epoxy Dana Grey + H,Toko 27,80000,6,kg, Crusher 2 Mamuju ,
2024-01-13,Tabung O2,*,75000,1,tbg, Crusher 2 Mamuju ,
2024-01-13,PIR EXTRA NKR71 NO.1 I6-66000 241-0,Astra Isuzu,263250,1,pcs, N 9492 UH ,REQ 000551
2024-01-13,Ban Luar 750-16 Y866 BS/BSN,T1201/HNJ3923,2175000,1,pcs, N 9492 UH ,REQ 000509
2024-01-13,Ban Luar 750-16 Y866 BS/BSN,H1101/HNJ3923,2175000,1,pcs, N 9492 UH ,REQ 000509
2024-01-13,Ban Dalam 700/750-16 BR-9,Berkah Sigma Jaya,125000,2,pcs, N 9492 UH ,REQ 000509
2024-01-13,Marshet R16 Swallow,Berkah Sigma Jaya,50000,2,pcs, N 9492 UH ,REQ 000509
2024-01-13,Ban Luar 750-16 BS/BSN Depan,DK 5565-26/DJ2723,1700000,1,pcs, N 8310 UH ,REQ 000508
2024-01-13,Ban Dalam 700/750-16 BR-9,Berkah Sigma Jaya,125000,1,pcs, N 8310 UH ,REQ 000508
2024-01-13,Marshet R16 Swallow,Berkah Sigma Jaya,50000,1,pcs, N 8310 UH ,REQ 000508
2024-01-13,Ban Luar 750-16 GY/Kediri,311 390 0678,1950000,1,set, N 9492 UH ,REQ 000504
2024-01-13,Ban Luar 750-16 GY/Kediri,311 102 4676,1950000,1,set, N 9492 UH ,REQ 000504
2024-01-13,Ban Luar 825-16 SWL/SBM Belakang,203921113,1725000,1,pcs, N 9566 UG ,REQ 000507
2024-01-13,Ban Luar 825-16 SWL/SBM Belakang,3914204,1725000,1,pcs, N 9566 UG ,REQ 000507
2024-01-13,BAN DALAM 750-16 SWL,SBM,185000,2,pcs, N 9566 UG ,REQ 000507
2024-01-13,MARSHET R16 GT,SBM,50000,2,pcs, N 9566 UG ,REQ 000507
2024-01-13,BAUT RODA NKR71 RR-RH MITSUDA,73 MOTOR,57500,2,pcs, N 9566 UG ,
2024-01-13,Oil Hydraulic TuraliK 69,CAHAYA GUNUNG JATI,26800,1.5,Ltr, N 9566 UG ,
2024-01-13,Kawat Las Rb 4.0mm,CV Brilliant,1565,10,pcs, Paving 3 ,
2024-01-13,Fuel Filter NKR & NMR / ASTRA,I8 98037481-A,90675,1,Pcs, N 8333 UH ,
2024-01-13,FUEL FILTER DMAX I6-98159 693-0,ASTRA ISUZU,75000,1,Pcs, N 8333 UH ,
2024-01-13,Jasa Repair Velg ,Triyenny Jaya,60000,1,pcs, N 8333 UH ,
2024-01-13,Kawat Las RB 4.0 mm,Untuk Las Velg,1565,11,pcs, N 8333 UH ,
2024-01-13,Daun Velg L-6 LANTECH,P/N,400000,1,Pcs, N 8333 UH ,
2024-01-13,Las Pipa ,Kas - MDQ,20000,1,Pcs , N 8271 UE ,
2024-01-13,Bensin Ecer ,Kas,12000,2,Ltr, Cuci Cartridge N 8271 UE  ,
2024-01-13,Bensin Ecer ,Kas,12000,2,Ltr, Service Pvg 3 ,
2024-01-13,As (stainless) 20x600+sepi+borek,Kas 25/1 - Triyenny,650000,1,set, Pompa Air Ready Mix Babat ,
2024-01-13,Pir Skok Supra,Kas,55000,2,pcs, Paving 3 ,
2024-01-13,"As Pen 8cm, AS 25mm kepala 45mm, bos 45x25x25mm",Kas 25/1 - Triyenny,65000,10,set, Paving 3 ,
2024-01-13,Bushing (brown) 70x50x50mm,Kas 25/1 - Triyenny,450000,4,pcs, Paving 3 ,
2024-01-13,As 8.5x54x200mm,Kas 25/1 - Triyenny,550000,2,pcs, Paving 3 ,
2024-01-13,Ban Luar 1000-20 BS/BSN,UJB 920,3575000,1,pcs, Tangkil TM 204 ,SJ 000724
2024-01-13,Ban Dalam 900-20 BR-9,Berkah Sigma Jaya,245000,1,pcs, Tangkil TM 204 ,SJ 000724
2024-01-13,Marshet R20 Swallow,Berkah Sigma Jaya,90000,1,pcs, Tangkil TM 204 ,SJ 000724
2024-01-13,VALVE 3 WAY/ OTOMATIS GARDAN NISSAN,73 MOTOR,635000,2,pcs, Tangkil CP 05 & CP 06 ,SJ 000724
2024-01-13,Gasket Set/Pack Set NKR 71,73 MOTOR,800000,1,set, Mesin Ex N 8515 UH ,SJ 000738
2024-01-13,Gasket Cylinder Head NKR 71,73 MOTOR,920000,1,pcs, Mesin Ex N 8515 UH ,SJ 000738
2024-01-13,Boring Liner NKR 71,73 MOTOR,1800000,4,pcs, Mesin Ex N 8515 UH ,SJ 000738
2024-01-13,Ring Piston NKR 71,73 MOTOR,375000,4,set, Mesin Ex N 8515 UH ,SJ 000738
2024-01-13,Metal Duduk Main Std,73 MOTOR,260000,1,set, Mesin Ex N 8515 UH ,SJ 000738
2024-01-13,Metal Jalan Conrod OVZ 0.25,73 MOTOR,215000,1,set, Mesin Ex N 8515 UH ,SJ 000738
2024-01-13,Metal Jalan Conrod OVZ 0.50,73 MOTOR,215000,1,set, Mesin Ex N 8515 UH ,SJ 000738
2024-01-13,Oil Pump NKR 71 Ory,73 MOTOR,1900000,1,pcs, Mesin Ex N 8515 UH ,SJ 000738
2024-01-13,Waterpump NKR 71 Ory,73 MOTOR,450000,1,pcs, Mesin Ex N 8515 UH ,SJ 000738
2024-01-13,Seal Crankshaft/Askruk Nok Dpn,73 MOTOR,215000,1,pcs, Mesin Ex N 8515 UH ,SJ 000738
2024-01-13,NEPEL PU PD10-03,Redjo Joyo Teknik,28500,6,pcs,Kediri Readymix,SJ 000738
2024-01-13,SELENOID VALVE AC 4V 310,SALLER SBY,125000,1,pcs,Kediri Readymix,SJ 000738
2024-01-13,Oil Filter Donaldson P55-3771,UD Sempurna,93500,1,pcs, Kediri Readymix ,SJ 000738
2024-01-13,Velg repair L6-12mm,Triyenny,60000,1,pcs,Kediri Readymix,SJ 000739
2024-01-13,Daun Velg L-6 LANTECH,P/N,400000,1,Pcs,Kediri Readymix,SJ 000739
2024-01-13,Kawat Las RB 4.0 mm,Untuk Las Velg,1565,11,pcs,Kediri Readymix,SJ 000739
2024-01-13,PASANG DAUN VELG FUSO R20 L 10,BAMBANG AS,300000,1,pcs,Kediri Readymix,SJ 000739
2024-01-13,Daun Velg L8-R20,Anugerah Jaya,600000,1,pcs,Kediri Readymix,SJ 000739
2024-01-13,Las Ring Velg,Bambang AS,60000,1,pcs,Kediri Readymix,SJ 000739
2024-01-13,RING VELG R20,SUMBER BERKAT DIESEL,300000,1,pcs,Kediri Readymix,SJ 000739
2024-01-13,Dongkrak 32 TON,Ex Tronton Sumber Urip,500000,1,pcs, Crusher Kediri , SJ 000740 
2024-01-15,Oil Hydraulic MEDITRAN S10W,SAE 10 W,29000,2,Ltr, WA 01 ,
2024-01-15,Oil Hydraulic MEDITRAN S10W,SAE 10 W,29000,1,Ltr, N 8515 UH ,
2024-01-15,Oil Engine MEDITRAN SX,15W-40,29200,2,Ltr, N 9058 UF ,
2024-01-15,Kawat Las RB 4.0 mm,,1565,60,pcs, Paving 3 ,
2024-01-15,"Gerinda Selep Nippon Resibon 4""",Prima Sekar,16000,2,pcs, Paving 3 ,
2024-01-15,"Gerinda Potong WD 4""",Prima Sekar,2500,4,pcs, Paving 3 ,
2024-01-15,NEPEL GREASE 10 mm - Straight,73 MOTOR,5000,4,pcs, Paving 3 ,
2024-01-15,CLAMP ACCU,Cakra Motor,35000,1,set, N 9849 UH ,
2024-01-15,Skun ACCU,73 Motor,7500,2,pcs, N 9849 UH ,
2024-01-15,Gear Pinion Crown Wheel / NMR 71 / 43x7,ASTRA ISUZU,4192500,1,Set, N 9456 UG ,
2024-01-15,Bearing Gardan 30309 DJR ,JAYA UTAMA BEARINGS,166900,1,pcs, N 9456 UG ,
2024-01-15,Bearing Gardan 30310 DJR ,JAYA UTAMA BEARINGS,196500,1,pcs, N 9456 UG ,
2024-01-15,Bearing Gardan 3984/20,JAYA UTAMA BEARINGS,155000,2,pcs, N 9456 UG ,
2024-01-15,Bearing Pinion NMR / J 30-1 ACG38,JAYA UTAMA BEARINGS,302500,1,pcs, N 9456 UG ,
2024-01-15,Ring Lock Pinion Gardan,73 MOTOR,30000,1,pcs, N 9456 UG ,
2024-01-15,Seal Pinion/MOB gardan  / PM SBY,8-97047609-0,45000,1,pcs, N 9456 UG ,
2024-01-15,Lem Autosealer,Makmur Motor,12500,1,pcs, N 9456 UG ,
2024-01-15,Ban Luar 750-16/MJS Vulkanisir Dingin,F1123/6869,1050000,1,pcs, N 8502 UA ,Req 000506
2024-01-15,Oil Hydraulic MEDITRAN S10W,SAE 10 W,29000,1,Ltr, N 8502 UA ,
2024-01-15,Oil Engine MEDITRAN SX,15W-40,29200,1.5,Ltr, N 8502 UA ,
2024-01-15,Kawat Las RB 4.0 mm,,1565,20,pcs, Crusher ,
2024-01-15,Cat Top Color Metro Orange 222-6237,Toko 27,82500,3,kg, Crusher 2 Mamuju ,
2024-01-15,BAUT RODA NKR71 RR-LH MITSUDA,73 MOTOR,57500,3,pcs, N 8310 UH ,Req 000552
2024-01-15,Mur Bagong NKR71,73 Motor,85000,1,pcs, N 8310 UH ,
2024-01-15,Minyak Rem PRESTONE / ARNEX,DOT 3,75000,0.5,ltr, Pak Kris ,
2024-01-15,Oil Engine MEDITRAN SX,15W-40,29200,9,Ltr, N 8624 UG ,Req 000553
2024-01-15,Oil Filter NKR & NMR/ Astra,16-97247 514-0,94575,1,Pcs, N 8624 UG ,Req 000553
2024-01-15,Air Filter NKR / ASTRA,I7-55500 201 -A,230000,1,Pcs, N 8624 UG ,Req 000553
2024-01-15,BAUT RODA NKR71 RR-LH MITSUDA,73 MOTOR,57500,2,pcs, N 8428 BF ,Req 000554
2024-01-15,BAUT RODA NKR71 RR-RH MITSUDA,73 MOTOR,57500,2,pcs, N 8428 BF ,Req 000554
2024-01-15,Ban Luar 750-16 BS/BSN Depan,DK 5565-50/DJ2723,1700000,1,pcs, N 8428 BF ,Req 000510
2024-01-15,Bensin Ecer ,Kas - Repair Gardan ,12000,2,ltr, N 9456 UG ,
2024-01-15,Kain Warna,Kas - Toko 27,12500,8,kg, Mekanik ,
2024-01-15,Lampu LED 9W ,Kas,15000,1,Pcs, Lampu Pos ,
2024-01-15,Ban Vulkanisir Jadi Dingin Ban 1000-20,UJB 950,1650000,1,pcs, Tangkil ,SJ 000737
2024-01-15,Ban Vulkanisir Jadi Dingin Ban 1000-20,UJB 951,1650000,1,pcs, Tangkil ,SJ 000737
2024-01-15,Ban Vulkanisir Jadi Dingin Ban 1000-20,UJB 952,1650000,1,pcs, Tangkil ,SJ 000737
2024-01-15,Ban Vulkanisir Jadi Dingin Ban 1000-20,UJB 953,1650000,1,pcs, Tangkil ,SJ 000737
2024-01-15,Ban Vulkanisir Jadi Dingin Ban 1000-20,UJB 954,1650000,1,pcs, Tangkil ,SJ 000737
2024-01-15,Ban Vulkanisir Jadi Dingin Ban 1000-20,UJB 955,1650000,1,pcs, Tangkil ,SJ 000737
2024-01-15,Pompa Solar Besi Denso,73 Motor,210000,1,pcs, Tangkil ,SJ 000737
2024-01-15,Valve Kit/Pentil Solar,73 MOTOR,20000,1,set, Tangkil ,SJ 000737
2024-01-15,Waterpump Grandmax Bierkens,Sentral Sakti Motor,290000,1,pcs, Grandmax Paving Diperbaiki Tangkil ,SJ 000737
2024-01-15,Thermostat Grandmax Tama,Sentral Sakti Motor,140000,1,pcs, Grandmax Paving Diperbaiki Tangkil ,SJ 000737
2024-01-15,Switch Temperatur Grandmax,Sentral Sakti Motor,180000,1,pcs, Grandmax Paving Diperbaiki Tangkil ,SJ 000737
2024-01-15,Valve HIGH LOW BEIBEN,ABADI BINTANG,385000,1,pcs, Tangkil TM 210 ,SJ 000737
2024-01-15,LEM THREEBOND ,73 MOTOR,30000,1,pcs, Grandmax Paving Diperbaiki Tangkil ,SJ 000737
2024-01-15,Ban Dalam 900-20 BR-9,Berkah Sigma Jaya,245000,6,pcs, Tangkil ,SJ 000737
2024-01-15,Marshet R20 Swallow,Berkah Sigma Jaya,90000,6,pcs, Tangkil ,SJ 000737
2024-01-15,Thinner Super,Kas - Siwa Jaya,17000,20,ltr, Crusher 2 Mamuju ,
2024-01-16,Oil Engine MEDITRAN SX PLUS ( 200 L ),Cahaya Gunung Jati,33750,11.5,ltr, N 8271 UF ,REQ 000556
2024-01-16,Oil Filter NKR & NMR/ Astra,16-97247 514-0,94575,1,pcs, N 8271 UF ,REQ 000556
2024-01-16,Fuel Filter NKR & NMR / ASTRA,I8 98037481-A,90675,1,pcs, N 8271 UF ,REQ 000556
2024-01-16,FUEL FILTER DMAX I6-98159 693-0,ASTRA ISUZU,75000,1,pcs, N 8271 UF ,REQ 000556
2024-01-16,Oil Engine MEDITRAN SX PLUS ( 200 L ),Cahaya Gunung Jati,33750,11.5,ltr, N 8448 UF ,REQ 000555
2024-01-16,Oil Filter NKR & NMR/ Astra,16-97247 514-0,94575,1,ltr, N 8448 UF ,REQ 000555
2024-01-16,Fuel Filter NKR & NMR / ASTRA,I8 98037481-A,93000,1,pcs, N 8448 UF ,REQ 000555
2024-01-16,FUEL FILTER DMAX I6-98159 693-0,ASTRA ISUZU,75000,1,pcs, N 8448 UF ,REQ 000555
2024-01-16,BAUT RODA BELAKANG KANAN NKR71,73 MOTOR,57500,2,pcs, N 8448 UF ,REQ 000555
2024-01-16,Cat Top Color Metro Orange 222-6237,Toko 27,82500,6,kg, Crusher 2 Mamuju ,
2024-01-16,TOP COLOR 6237 METRO ORANGE,SIWA JAYA,88000,3,kg, Crusher 2 Mamuju ,
2024-01-16,Thinner Super,SIWA JAYA,17000,20,ltr, Crusher 2 Mamuju ,
2024-01-16,Kawat Las RB 3.2,Brillant,1000,15,pcs, Crusher 2 Mamuju ,
2024-01-16,Ban Dalam 700/750-16 BR-9,Berkah Sigma Jaya,125000,1,pcs, N 8417 UE ,
2024-01-16,Marshet R16 Swallow,Berkah Sigma Jaya,50000,1,pcs, N 8417 UE ,
2024-01-16,OIL PERTAMINA SAE 140,RORED HDA 140,36500,1.5,Ltr, N 8417 UE ,
2024-01-16,Oil Engine MEDITRAN SX,15W-40,29200,1.5,Ltr, N 8417 UE ,
2024-01-16,Center Bolt/ Sunduk Pir NKR71,73 Motor,40000,2,pcs, Paving 3 ,
2024-01-16,"Gerinda Selep Nippon Resibon 4""",Prima Sekar,16000,2,pcs, Paving 3 ,
2024-01-16,"WP 1""",Putra Cakra,2000,15,pcs, Paving 3 ,
2024-01-16,Splitpen/Pin Lock 5 x 60,Putra Cakra,2500,15,pcs, Paving 3 ,
2024-01-16,Baut MBNC 3/4 x 3,Putra Cakra,9800,10,pcs, Paving 3 ,
2024-01-16,Baut MBNC 5/8 x 2,Putra Cakra,4700,20,pcs, Paving 3 ,
2024-01-16,"WP 5/8""",Putra Cakra,750,20,pcs, Paving 3 ,
2024-01-16,"WL 5/8""",Putra Cakra,300,20,pcs, Paving 3 ,
2024-01-16,"WP 3/4""",Putra Cakra,900,10,pcs, Paving 3 ,
2024-01-16,Ban Luar 750-16/MJS Vulkanisir Dingin,F1123/0443,1050000,1,pcs, N 9058 UF ,REQ 000511
2024-01-16,Ban Luar 750-16/MJS Vulkanisir Dingin,F3222/9928,1050000,1,pcs, N 9058 UF ,REQ 000511
2024-01-16,Oil Hydraulic MEDITRAN S10W,SAE 10 W,29000,2,Ltr, WA 01 ,
2024-01-16,Oil Engine MEDITRAN SX,15W-40,29200,1.5,Ltr, WA 01 ,
2024-01-16,Sarung Tangan Putih Polos,Prima Sekar,14500,10,lusin, Paving ,
2024-01-16,Jasa Repair Velg ,Triyenny Jaya,60000,1,pcs, N 9429 UG ,REQ 000557
2024-01-16,Kawat Las RB 4.0 mm,Untuk Las Velg,1565,11,pcs, N 9429 UG ,REQ 000557
2024-01-16,Daun Velg L-6 LANTECH,P/N,400000,1,Pcs, N 9429 UG ,REQ 000557
2024-01-16,Ban Luar ORI 1000-20 BS/BSN,UJB 919,3575000,1,pcs, L 9573 CH PUNTIR ,SJ 000736
2024-01-16,Ban Luar ORI 1000-20 BS/BSN,UJB 905,3575000,1,pcs, L 9573 CH PUNTIR ,SJ 000736
2024-01-16,Ban Dalam 900-20 BR-9,Berkah Sigma Jaya,245000,2,pcs, L 9573 CH PUNTIR ,SJ 000736
2024-01-16,Marshet R20 Swallow,Berkah Sigma Jaya,90000,2,pcs, L 9573 CH PUNTIR ,SJ 000736
2024-01-16,Ban Luar 750-16/MJS Vulkanisir Dingin,F1123/7129,1050000,1,pcs,N 9489 UH Puntir,SJ 000736
2024-01-16,Servis Dynamo 7.5 HP,ARY DINAMO,175000,1,pcs, Screw Ayakan Puntir ,SJ 000736
2024-01-16,Ban Luar 750-16 Y866 DRT/DGP,311 103 5317,1809287,1,pcs, N 8308 UH ,SJ 000741/Req 000513
2024-01-16,Ban Luar 750-16 Y866 DRT/DGP,309 201 5706,1809287,1,pcs, N 8308 UH ,SJ 000741/Req 000513
2024-01-16,Ban Dalam 700/750-16 BR-9,Berkah Sigma Jaya,125000,2,pcs, N 8308 UH ,SJ 000741
2024-01-16,Marshet R16 Swallow,Berkah Sigma Jaya,50000,2,pcs, N 8308 UH ,SJ 000741
2024-01-16,Oil Filter BEIBEN (DONALDSON),P553771,93500,1,Pcs, Loader SEM Pare ,SJ 000741
2024-01-16,BAUT RODA BLKG NKR71 IS02 RR-LH/IBK,DIRGAPUTRA EKAPRATAMA,58142,5,pcs, Pare ,SJ 000741
2024-01-16,Servis Dongkrak ,Dulsalam Service,150000,1,pcs, Pare ,SJ 000741
2024-01-16,Baut 3/8X6 NC (14) 1 box,Kas - B. 19,1790,60,pcs, Ayakan Crusher ,
2024-01-17,Air Accu PEGASUS,Cakra Motor,10000,3,btl, WA 01 ,
2024-01-17,Oil Hydraulic MEDITRAN S10W,SAE 10 W,29000,2,Ltr, WA 01 ,
2024-01-17,Fuel Filter J8620120,UD Sempurna,72000,1,pcs, WA 01 ,
2024-01-17,Cat TC Metro Orange,Toko Cat 73 ,98000,1,pcs, Crusher 2 Mamuju ,
2024-01-17,Vernis Autoglow 4010 + H + Thinner,Siwa Jaya,245000,2,set, Crusher 2 Mamuju ,
2024-01-17,Kawat Las RB 3.2,Brillant,1000,20,pcs, Crusher 2 Mamuju ,
2024-01-17,FLAPDISC 60,PRIMA SEKAR,5750,2,pcs, Crusher 2 Mamuju ,
2024-01-17,"Gerinda Potong WD 4""",Prima Sekar,2500,2,pack, Paving 3 ,
2024-01-17,Limit Switch CWLCA FORT Besar,Ipul Electric,175000,1,pcs, Paving 3 ,
2024-01-17,Center Bolt/ Sunduk Pir NKR71,73 Motor,40000,2,pcs, Paving 3 ,
2024-01-17,Kawat Las RB 3.2,Brillant,1000,6,pcs, Paving 3 ,
2024-01-17,Spring/Pir Gas NKR 71,73 Motor,130000,1,pcs, N 8105 UB ,
2024-01-17,Oil Engine MEDITRAN SX,15W-40,29200,1.5,Ltr, N 8515 UH ,
2024-01-17,Minyak Rem PRESTONE / ARNEX,DOT 3,75000,0.5,ltr, Forklift Kuning ,
2024-01-17,Rubber Eng. Foot LH I8-97122 895-1,Astra Isuzu,780000,1,pcs, N 8271 UE ,
2024-01-17,Rubber Eng. Foot RH I8-97122 893-1,Astra Isuzu,780000,1,pcs, N 8271 UE ,
2024-01-17,Fuel Filter NKR & NMR I8 98037481-A,Astra Isuzu,90675,1,Pcs,N 8427 BF,REQ 000558
2024-01-17,Fuel Filter  HINO 23401-1332L/SBD,SUMBER BERKAT DIESEL,39000,1,pcs,N 8427 BF,REQ 000558
2024-01-17,Stoper Depan NMR 71,73 Motor,85000,2,pcs,N 8427 BF,REQ 000558
2024-01-17,BAUT RODA BLKG NKR71 IS02 RR-LH/IBK,DIRGAPUTRA EKAPRATAMA,58142,1,pcs,N 8427 BF,REQ 000558
2024-01-17,Oil Filter NKR & NMR I6-97247 514-0,Astra Isuzu,94575,1,Pcs,N 8432 BF, REQ 000559 
2024-01-17,Oil Engine MEDITRAN SX,15W-40,29200,9,Ltr,N 8432 BF, REQ 000559 
2024-01-17,Arang Gerinda 459A Makita,Rejo Joyo,45000,2,pcs, Mekanik ,
2024-01-17,Grease Gun Manual,Toko Sakti,200022,1,pcs, Paving ,
2024-01-17,Selang Besi Grease Gun,Toko Sakti,39960,1,pcs, Paving ,
2024-01-17,Baut 5/8x3hc,B19,6250,8,pcs, Paving 3 ,
2024-01-17,Baut 5x8x4hc,B19,7500,8,pcs, Paving 3 ,
2024-01-17,Ring Plat 5/8,B19,1000,16,pcs, Paving 3 ,
2024-01-17,Ring Pir 5/8,B19,500,16,pcs, Paving 3 ,
2024-01-17,Bearing 6310ZZ Koyo,Lahar Jaya,200000,2,pcs, Cp 05 Tangkil ,SJ 002453
2024-01-17,Master Kopling Atas Fuso 5/8,73 Motor,400000,1,pcs, Cp 03 Tangkil ,SJ 002453
2024-01-17,Hose 1/2,Asia Timur,250000,1,pcs, Tangkil TM 210 ,SJ 002453
2024-01-17,Mata Kunci Shock Bintang ,Rejo Joyo,100000,1,pcs, Tangkil ,SJ 002453
2024-01-17,Switch Dinamo Starter CX7 Isuzu,BJL Malang,1237500,1,pcs, Cp 04 Tangkil ,SJ 002453
2024-01-17,Coolant Radiator 5 ltr,73 Motor,40000,2,gln, Grandmax Paving ,SJ 002451
2024-01-17,Valve Kit/Pentil Solar,73 MOTOR,20000,1,set, Tangkil ,SJ 002451
2024-01-17,Air Dryer Wabco Beiben,Abadi Bintang,1795000,1,pcs, TM 208  ,SJ 002451
2024-01-17,Regulator Bospom Beiben Double Cabin,Abadi Bintang,475000,1,pcs, Tangkil TM 210 ,SJ 002451
2024-01-17,Lampu Mayang Depan isuzu CP,,0,3,pcs, CP 08 ,SJ 002451
2024-01-17,Jasa Vulkanisir Dingin Ban 1000-20,UJB 263,1050000,1,pcs, Tangkil ,SJ 002451
2024-01-17,Jasa Vulkanisir Dingin Ban 1000-20,UJB 491,1050000,1,pcs, Tangkil ,SJ 002451
2024-01-17,Ban Luar 1000-20 BS/BSN,UJB 921,3575000,1,pcs, Tangkil TM 209 ,SJ 002451
2024-01-17,Ban Luar 1000-20 BS/BSN,UJB 922,3575000,1,pcs, Tangkil TM 210 ,SJ 002451
2024-01-17,Oil Engine MEDITRAN SX,15W-40,6100000,1,drum, Puntir Paving ,SJ 002452
2024-01-17,Repair Gardan,,0,1,set, N 9489 UH pak Giran ,SJ 002452
2024-01-17,ACCU NS70 12V RCA BATT,DIRGAPUTRA EKAPRATAMA,851282,2,pcs, S 9148 AA Puntir ,SJ 002452
2024-01-17,AIR ZUUR RCA 1 LITER/BOTOL,DIRGAPUTRA EKAPRATAMA,0,8,pcs, Puntir ,SJ 002452
2024-01-17,Switch/Otomatis Klakson ,,95000,2,Pcs ,Tangkil ,SJ 002451
2024-01-17,Valve Check Hino ,,45000,1,Pcs ,Tangkil ,SJ 002451
2024-01-18,Vernis Auto Glow Set + Thinner,Toko Cat 73 ,225000,3,set, Crusher 2 Mamuju ,
2024-01-18,Cat TC Metro Orange,Toko Cat 73 ,98000,10,pcs, Crusher 2 Mamuju ,
2024-01-18,Thinner Super ,Siwa Jaya,17000,40,ltr, Crusher 2 Mamuju ,
2024-01-18,FLAPDISC 60,PRIMA SEKAR,5750,2,pcs, Crusher 2 Mamuju ,
2024-01-18,"Gerinda Selep Nippon Resibon 4""",Prima Sekar,16000,1,pcs, Crusher 2 Mamuju ,
2024-01-18,Oil Hydraulic TuraliK 69,CAHAYA GUNUNG JATI,26800,1,Ltr, WA 01 ,
2024-01-18,ACCU N 100 12V RCA BATT,DIRGAPUTRA EKAPRATAMA,1241007,2,pcs, WA 01 ,
2024-01-18,Clamp ACCU ,73 Motor,30000,1,set, WA 01 ,
2024-01-18,OIL PERTAMINA SAE 140,RORED HDA 140,36500,1.5,Ltr, N 8502 UA ,
2024-01-18,Minyak Rem Prestone,Dot 3,75000,0.8,ltr, N 8417 UE ,
2024-01-18,OIL PERTAMINA SAE 140,RORED HDA 140,36500,2,Ltr, N 8417 UE ,
2024-01-18,Jasa Vulkanisir Dingin Ban 750-16,Gt 0423,725000,1,pcs, N 8515 UH ,Req 000742
2024-01-18,BAN LUAR 750-16 DPN SWL,1712120,1425000,1,pcs, N 8515 UH ,Req 000742
2024-01-18,Ban Dalam 750-16 SWL,SBM,175000,1,pcs, N 8515 UH ,Req 000742
2024-01-18,Marshet R16 SWL,SBM,50000,1,pcs, N 8515 UH ,Req 000742
2024-01-18,Gear Pinion Crown Wheel / NMR 71 / 43x7,ASTRA ISUZU,4192500,1,Set, N 9489 UH ,
2024-01-18,BAUT RODA BLKG NKR71 IS02 RR-LH/IBK,DIRGAPUTRA EKAPRATAMA,58142,4,pcs, N 8444 UF ,Req 000560
2024-01-18,Kawat Las RB 3.2,Brillant,1000,3,pcs, N 8444 UF ,Req 000560
2024-01-18,Oil Engine MEDITRAN SX PLUS ( 200 L ),Cahaya Gunung Jati,33750,11.5,ltr, N 8444 UF ,Req 000560
2024-01-18,FUEL FILTER DMAX I6-98159 693-0,ASTRA ISUZU,75000,1,Pcs, N 8444 UF ,Req 000560
2024-01-18,Fuel Filter NKR & NMR I8 98037481-A,Astra Isuzu,90675,1,Pcs, N 8444 UF ,Req 000560
2024-01-18,Oil Filter NKR & NMR I6-97247 514-0,Astra Isuzu,94575,1,Pcs, N 8444 UF ,Req 000560
2024-01-18,Oil Hydraulic TuraliK 69,CAHAYA GUNUNG JATI,26800,15,Ltr, N 8448 UF ,
2024-01-18,Hose Power Oil ,Jaya Raya,615000,1,pcs, N 8448 UF ,
2024-01-18,Bensin Ecer ,Kas ,12000,2,ltr, Cuci Gardan N 9489 UH ,
2024-01-18,Bongkar Pasang Ban Loader ,Kas ,250000,1,Pcs, WA 01 ,
2024-01-18,Kunci Sok 3/4 x 22mm,Rejo Joyo Teknik,125000,1,pcs, Puntir Readymix ,Sj 002455
2024-01-18,OIL PERTAMINA SAE 140,RORED HDA 140,36500,20,Ltr, Puntir Paving ,Sj 002454
2024-01-18,Matras Paving 6cm,,0,1,set, Puntir Paving  ,Sj 002454
2024-01-19,Oil Hydraulic MEDITRAN S10W,SAE 10 W,29000,3,Ltr, WA 01 ,
2024-01-19,Oil Hydraulic TuraliK 69,CAHAYA GUNUNG JATI,26800,2,Ltr, WA 01 ,
2024-01-19,Oil Engine MEDITRAN SX,15W-40,29200,2,Ltr, WA 01 ,
2024-01-19,Oil Engine MEDITRAN SX,15W-40,29200,1.5,Ltr, N 9058 UF ,
2024-01-19,Minyak Rem Prestone,Dot 3,75000,0.3,ltr, N 9058 UF ,
2024-01-19,Bearing Gardan 30309 DJR ,JAYA UTAMA BEARINGS,166900,1,pcs, N 9489 UH ,
2024-01-19,Bearing Gardan 30310 DJR ,JAYA UTAMA BEARINGS,196500,1,pcs, N 9489 UH ,
2024-01-19,SPACER COLLAR PINION Gardan NMR 1-41219004-0,73 MOTOR,160000,1,pcs, N 9489 UH ,
2024-01-19,Ring Lock Pinion Gardan,73 MOTOR,30000,1,pcs, N 9489 UH ,
2024-01-19,Seal Pinion/MOB gardan  / PM SBY,8-97047609-0,45000,1,pcs, N 9489 UH ,
2024-01-19,Bearing Pinion NMR / J 30-1 ACG38,JAYA UTAMA BEARINGS,302500,1,pcs, N 9489 UH ,
2024-01-19,Vernis Autoglow 4010 + H + Thinner,Siwa Jaya,245000,2,set, Crusher 2 Mamuju ,
2024-01-19,Cat TC Metro Orange,Toko Cat 73 ,98000,1,pcs, Crusher 2 Mamuju ,
2024-01-19,Tabung O2,*,75000,1,tbg, Paving 3 ,
2024-01-19,Ban Luar 750-16 Y866 DRT/DGP,309 304 1232,1809287,1,pcs, N 9614 UH ,REQ 000514
2024-01-19,Ban Luar 750-16 Y866 DRT/DGP,309 204 0655,1809287,1,pcs, N 9614 UH ,REQ 000514
2024-01-19,Oil Filter NKR & NMR I6-97247 514-0,Astra Isuzu,94575,1,Pcs, N 8333 UH ,REQ 000562
2024-01-19,Oil Engine MEDITRAN SX PLUS ( 200 L ),Cahaya Gunung Jati,33750,11.5,ltr, N 8333 UH ,REQ 000562
2024-01-19,Pir Extra Ory No.5,73 motor,210000,1,pcs, N 8333 UH ,REQ 000562
2024-01-19,Minyak Rem Prestone,Dot 3,75000,0.3,ltr, N 8333 UH ,REQ 000562
2024-01-19,Kontaktor LCID18 / 220v,IPUL Electric,320500,3,pcs, BPO Mamuju ,SJ 002456
2024-01-19,Thermal LRD 21 Schneider,IPUL Electric,335000,3,pcs, BPO Mamuju ,SJ 002456
2024-01-19,Kontaktor LCID09 / 220v,IPUL Electric,207000,3,pcs, BPO Mamuju ,SJ 002456
2024-01-19,Thermal LRD 10,IPUL Electric,295000,3,pcs, BPO Mamuju ,SJ 002456
2024-01-19,Kontaktor LCID12 / 220v,IPUL Electric,245000,1,pcs, BPO Mamuju ,SJ 002456
2024-01-19,Thermal LRD 12,IPUL Electric,295000,1,pcs, BPO Mamuju ,SJ 002456
2024-01-19,Kontaktor LCID40 / 220v,IPUL Electric,1012000,1,pcs, BPO Mamuju ,SJ 002456
2024-01-19,Thermal LRD 340,IPUL Electric,857500,1,pcs, BPO Mamuju ,SJ 002456
2024-01-19,MCB 25A / 3P Schneider,IPUL Electric,330000,1,pcs, BPO Mamuju ,SJ 002456
2024-01-19,MCB 16A / 3P Schneider,IPUL Electric,305000,2,pcs, BPO Mamuju ,SJ 002456
2024-01-19,MCB 10A / 3P Schneider,IPUL Electric,305000,2,pcs, BPO Mamuju ,SJ 002456
2024-01-19,MCB 32A / 3P Schneider,IPUL Electric,355000,2,pcs, BPO Mamuju ,SJ 002457
2024-01-19,MCB 3phase 50A SCH,Sehat Electric,757000,1,pcs, BPO Mamuju ,SJ 002457
2024-01-19,SELANG BONIT 10mmx1.5mm,Anugerah Jaya Motor,35000,15,mtr, BPO Mamuju ,SJ 002457
2024-01-19,Seal Roda Depan NKR71,SUMBER BARU MOTOR,35000,1,pcs, N 8310 UH ,REQ 000563
2024-01-19,BEARING RODA DEPAN 32207 JR,JAYA UTAMA BEARINGS,73500,1,pcs, N 8310 UH ,REQ 000563
2024-01-19,BEARING RODA DEPAN DALAM NKR71 32210JR,JAYA UTAMA BEARINGS,117000,1,pcs, N 8310 UH ,REQ 000563
2024-01-19,Velg Baru L6-12mm,P/N,900000,1,pcs, N 8310 UH ,REQ 000563
2024-01-19,TABUNG SKEP CANTER,73 MOTOR,175000,1,pcs, N 8428 BF ,REQ 000564
2024-01-19,Terpal 4x6,Barokah,204000,1,lbr, Crusher ,
2024-01-19,NEPEL GREASE 10 mm - Straight,73 MOTOR,5000,1,pcs, Crusher ,
2024-01-19,Lem Autosealer,Makmur Motor,12500,3,pcs, Crusher ,
2024-01-19,Terpal 3x4,Barokah,102000,1,lbr, Paving ,
2024-01-19,Ban Luar 750-16 Y866 DRT/DGP,309 304 4855,1809287,1,pcs, N 8310 UH ,REQ 000515
2024-01-19,Ban Luar 750-16 Y866 DRT/DGP,309 304 1494,1809287,1,pcs, N 8310 UH ,REQ 000515
2024-01-19,Oil Engine MEDITRAN SX,15W-40,29200,8,Ltr, Pak Kris ,
2024-01-19,Ban Vulkanisir Jadi Dingin Ban 1000-20 GY/MJS,UJB 956,1650000,1,pcs, Tangkil ,SJ 002458
2024-01-19,Ban Vulkanisir Jadi Dingin Ban 1000-20 BS/MJS,UJB 957,1650000,1,pcs, Tangkil ,SJ 002458
2024-01-19,Ban Vulkanisir Jadi Dingin Ban 1000-20 BS/MJS,UJB 958,1650000,1,pcs, Tangkil ,SJ 002458
2024-01-19,Ban Vulkanisir Jadi Dingin Ban 1000-20 GY/MJS,UJB 959,1650000,1,pcs, Tangkil ,SJ 002458
2024-01-19,Jasa Vulkanisir Dingin Ban 1000-20 BS/MJS,UJB 011,1050000,1,pcs, Tangkil ,SJ 002458
2024-01-19,Jasa Vulkanisir Dingin Ban 1000-20 BS/MJS,UJB 091,1050000,1,pcs, Tangkil ,SJ 002458
2024-01-19,"Gerinda Selep Nippon Resibon 4""",Prima Sekar,16000,2,pcs, Tangkil ,SJ 002458
2024-01-19,Wiremesh M8 SNI full,Sinarmas Baja Perkasa,649500,34,pcs, Paving Puntir ,Diambil Puntir
2024-01-19,Betoneser SNI 8x12,Sinarmas Baja Perkasa,44500,5,pcs, Paving Puntir ,Diambil Puntir
2024-01-19,Plat Hitam 8mmx4x8,Sinarmas Baja Perkasa,2423000,1,pcs, Crusher Puntir ,Diambil Puntir
2024-01-20,CUTTING TIP LPG YAMATO NO 2 A,SAKTI PUTRA PERDANA,49950,1,pcs, Crusher 2 Mamuju ,
2024-01-20,"Gerinda Selep Nippon Resibon 4""",Prima Sekar,16000,2,pcs, Crusher 2 Mamuju ,
2024-01-20,Jasa Repair Velg ,Triyenny Jaya,60000,1,pcs, N 9616 UH ,
2024-01-20,Kawat Las RB 4.0 mm,Untuk Las Velg,1565,11,pcs, N 9616 UH ,
2024-01-20,Daun Velg L-6 LANTECH,P/N,400000,1,Pcs, N 9616 UH ,
2024-01-20,Oil Engine MEDITRAN SX PLUS ( 200 L ),CAHAYA GUNUNG JATI,33750,11.5,Ltr, N 8136 UE Wahid ,
2024-01-20,Oil Filter NKR & NMR I6-97247 514-0,Astra Isuzu,94575,1,Pcs, N 8136 UE Wahid ,
2024-01-20,Fuel Filter NKR & NMR I8 98037481-A,Astra Isuzu,90675,1,Pcs, N 8136 UE Wahid ,
2024-01-20,FUEL FILTER DMAX I6-98159 693-0,ASTRA ISUZU,75000,1,Pcs, N 8136 UE Wahid ,
2024-01-20,Jasa Repair Velg ,Triyenny Jaya,60000,1,pcs, N 8136 UE Wahid ,
2024-01-20,Kawat Las RB 4.0 mm,Untuk Las Velg,1565,11,pcs, N 8136 UE Wahid ,
2024-01-20,Daun Velg L-6 LANTECH,P/N,400000,1,Pcs, N 8136 UE Wahid ,
2024-01-20,Regulator O2,Cakra Motor,255000,1,pcs, Crusher ,
2024-01-20,Potong As + Nyambung + Mopok Samping,Triyenny Jaya,225000,1,set, Paving 3 ,
2024-01-20,Bor Baut Pen 13mm,Triyenny Jaya,35000,2,pcs, Paving 3 ,
2024-01-20,Bikin Sok Kanan Kiri + Borek + Baut L,Triyenny Jaya,150000,1,set, Paving 3 ,
2024-01-20,Lem Autosealer,Makmur Motor,12500,1,pcs, Paving 3 ,
2024-01-20,OIL PERTAMINA SAE 140,RORED HDA 140,36500,13,Ltr, Paving 3 ,
2024-01-20,Baut Cross Joint NKR 71,Makmur Motor,7500,4,set, Paving 3 ,
2024-01-20,"Gerinda Potong WD 4""",Prima Sekar,2500,3,pcs, N 8448 UF ,
2024-01-20,Kawat Las RB 4.0 mm,Untuk Las Velg,1565,25,pcs, N 8448 UF ,
2024-01-20,Air Accu PEGASUS,Cakra Motor,10000,1,btl, N 8235 UG ,
2024-01-20,SEAL DEBU ,73 Motor,4000,2,pcs, N 9490 UH ,
2024-01-20,Bearing Roda Belakang Dalam NMR/JUB,30213 JR / KOYO,162900,1,Pcs, N 9490 UH ,
2024-01-20,Bearing Roda Belakang Luar / JUB,28680/22 KOYO,176750,1,Pcs, N 9490 UH ,
2024-01-20,Seal Roda Belakang Dalam NMR,Makmur Motor,50000,1,pcs, N 9490 UH ,
2024-01-20,Kanvas Rem NKR 71,DIRGAPUTRA EKAPRATAMA,41125,2,pcs, N 9490 UH ,
2024-01-20,Ban Luar 750-16 Y866 BS/BSN,H1102/HNJ4323,2175000,1,Set, N 8924 UH ,Req 000516
2024-01-20,Mata pisau ,Kas ,50000,1,Pcs , Proyek Bajang Ratu (Psg Pvg) ,
2024-01-20,Tabung Gas LPG isi 12 kg ,Kas ,210000,1,Pcs , Ayakan 2 Mamuju ,
2024-01-22,Oil Engine MEDITRAN SX,15W-40,29200,9,Ltr, N 9446 UG ,Req 000565
2024-01-22,Oil Filter NKR & NMR I6-97247 514-0,Astra Isuzu,94575,1,Pcs, N 9446 UG ,Req 000565
2024-01-22,Fuel Filter NKR & NMR I8 98037481-A,Astra Isuzu,90675,1,Pcs, N 9446 UG ,Req 000565
2024-01-22,Fuel Filter NKR & NMR / ASTRA,16-97172549-0,37000,1,Pcs, N 9446 UG ,Req 000565
2024-01-22,BAUT RODA BLKG NKR71 IS02 RR-LH/IBK,DIRGAPUTRA EKAPRATAMA,58142,2,pcs, N 9446 UG ,Req 000565
2024-01-22,Oil Engine MEDITRAN SX,15W-40,29200,2,Ltr, WA 01 ,
2024-01-22,Oil Hydraulic MEDITRAN S10W,SAE 10 W,29000,2,Ltr, WA 01 ,
2024-01-22,Oil Hydraulic TuraliK 69,CAHAYA GUNUNG JATI,26800,2,Ltr, WA 01 ,
2024-01-22,Oil Engine MEDITRAN SX,15W-40,29200,9,Ltr, N 9456 UG ,Req 000566
2024-01-22,Oil Filter NKR & NMR I6-97247 514-0,Astra Isuzu,94575,1,Pcs, N 9456 UG ,Req 000566
2024-01-22,Minyak Rem Prestone ,Dot 3,75000,0.6,Ltr, N 9456 UG ,Req 000566
2024-01-22,BAUT RODA BLKG NKR71 IS02 RR-LH/IBK,DIRGAPUTRA EKAPRATAMA,58142,4,Pcs, N 9456 UG ,Req 000566
2024-01-22,Pompa Air DC 12v,KA Battery SBY,534650,2,pcs, Ready Mix Banjarmasin ,Kirim Expedisi
2024-01-22,Cop Terminal Isi 3,Ud Barokah,16500,2,pcs, Crusher  ,
2024-01-22,Oil Engine MEDITRAN SX,15W-40,29200,1,Ltr, N 8271 UE ,
2024-01-22,"Gerinda Selep Nippon Resibon 4""",Prima Sekar,16000,4,pcs, Crusher 2 Mamuju ,
2024-01-22,"Gerinda Potong WD 4""",Prima Sekar,2500,4,pcs, Crusher 2 Mamuju ,
2024-01-22,Kawat Las Rb 4.0mm,CV Brilliant,160000,1,pck, Crusher 2 Mamuju ,
2024-01-22,Baut Nap FE Halus,73 Motor,12500,3,pcs, N 8417 UE ,
2024-01-22,"Gerinda Selep Nippon Resibon 4""",Prima Sekar,16000,1,pcs, N 8417 UE ,
2024-01-22,BAN LUAR 750-16 DPN SWL,2413213,1425000,1,pcs, N 8235 UG ,Req 000517
2024-01-22,Ban Dalam 750-16 SWL,SBM,175000,1,pcs, N 8235 UG ,Req 000517
2024-01-22,Marshet R16 SWL,SBM,100000,1,pcs, N 8235 UG ,Req 000517
2024-01-22,OIL PERTAMINA SAE 140,RORED HDA 140,36500,1.5,Ltr, N 8761 UG ,
2024-01-22,Seal Roda blk Luar NKR & NMR,Makmur Motor,45000,1,pcs, N 8428 BF , Req 000568 
2024-01-22,BAUT RODA BLKG NKR71 IS02 RR-LH/IBK,DIRGAPUTRA EKAPRATAMA,58142,2,pcs, N 9429 UG ,Req 000569
2024-01-22,Baut Roda Blk RH NKR 71,73 Motor,60000,1,pcs, N 9429 UG ,Req 000569
2024-01-22,Baut Roda Blk RH NKR 71,73 Motor,60000,1,pcs, N 8407 UG ,
2024-01-22,BEARING RODA DEPAN 32207 JR,JAYA UTAMA BEARINGS,73500,1,pcs, N 9616 UH ,Req 000567
2024-01-22,Seal Rem 40493 R,73 MOTOR,10000,2,pcs, N 9616 UH ,Req 000567
2024-01-22,Minyak Rem Prestone ,Dot 3,75000,0.5,Ltr, N 9616 UH ,Req 000567
2024-01-22,Ban Luar 750-16 BS/BSN + Ban Dalam + Marshet,T8902/HNJ3923,2175000,1,set, N 8407 UG ,REQ 000519
2024-01-22,Ban Luar 750-16 BS/BSN + Ban Dalam + Marshet,T1202/HNJ3923,2175000,1,set, N 8407 UG ,REQ 000519
2024-01-22,Minyak Rem Prestone DOT 3,SUMBER BERKAT DIESEL,1315000,1,jurigen,Kediri Readymix,Sj 002460
2024-01-22,Tabung Gas O2,3747,75000,1,pcs,Kediri Readymix,Sj 002460
2024-01-22,Ban Luar 1100-20 BS/BSN,UJB 933,4200000,1,pcs,Kediri Readymix,Sj 002460
2024-01-22,Ban Luar 1100-20 BS/BSN,UJB 934,4200000,1,pcs,Kediri Readymix,Sj 002460
2024-01-22,Axl Shaft /as Roda / NKR 71,73 Motor,1200000,1,pcs, N 9053 UF RM Kediri ,Sj 002460
2024-01-22,Seal Roda Belakang Dalam NMR,Makmur Motor,50000,2,pcs, Crusher Kediri 2 ,Sj 002462
2024-01-22,Fuel Filter Donaldson P553004,73 Motor,80000,2,pcs, Crusher Kediri 2 ,Sj 002462
2024-01-22,FUEL FILTER DONALDSON J86-21842,UD. SEMPURNA,137500,2,pcs, Crusher Kediri 2 ,Sj 002462
2024-01-22,Kanvas Rem NKR 71,DIRGAPUTRA EKAPRATAMA,41125,2,pcs, Crusher Kediri 2 ,Sj 002462
2024-01-22,Oil Filter NKR & NMR I6-97247 514-0,Astra Isuzu,94575,2,Pcs, Crusher Kediri 2 ,Sj 002462
2024-01-22,KABEL NYY 3x2.5 EX (50mtr),IPUL ELECTRIC,960000,1,roll, Crusher Kediri 2 ,Sj 002462
2024-01-22,Grease Bearing SHELL - Gadus S2V150C 3,Panca Putra Mitra Tama,1500000,1,pail, Crusher Kediri 2 ,Sj 002462
2024-01-22,GREASE BEARING FALCON,CV ARNEX,1450000,1,pail, Crusher Kediri 2 ,Sj 002462
2024-01-22,Pir Extra NMR71 No. 1,73 Motor,380000,2,pcs, Crusher Kediri 2 ,Sj 002462
2024-01-22,PIR EXTRA NKR NO.2/IZ0075-H02,DIRGAPUTRA EKAPRATAMA,225068,1,pcs, Crusher Kediri 2 ,Sj 002462
2024-01-22,PIR EXTRA NKR NO.3/IZ0075-H03,DIRGAPUTRA EKAPRATAMA,183020,2,pcs, Crusher Kediri 2 ,Sj 002462
2024-01-22,Pir Extra NMR71 No. 4,73 Motor,280000,2,pcs, Crusher Kediri 2 ,Sj 002462
2024-01-22,BAUT RODA BLKG NKR71 IS02 RR-LH/IBK,DIRGAPUTRA EKAPRATAMA,58142,5,pcs, Crusher Kediri 2 ,Sj 002463
2024-01-22,BAUT RODA BLKG NKR71 IS02 RR-RH/IBK,DIRGAPUTRA EKAPRATAMA,58142,5,pcs, Crusher Kediri 2 ,Sj 002463
2024-01-22,BEARING RODA DEPAN 32207 JR,JAYA UTAMA BEARINGS,73500,2,pcs, Crusher Kediri 2 ,Sj 002463
2024-01-22,BEARING RODA DEPAN DALAM NKR71 32210JR,JAYA UTAMA BEARINGS,117000,2,pcs, Crusher Kediri 2 ,Sj 002463
2024-01-22,Bearing Roda RR OUT ,,168750,2,Pcs , Crusher Kediri 2 ,Sj 002463
2024-01-22,Filter Hydraulic SF 30055 MD,Ud Sempurna,355000,1,pcs, Loader SEM Crusher Pare  ,Sj 002463
2024-01-22,Pompa Air Summersible,Repair Malang,0,1,pcs, Ready Mix Babat ,Sj 002464
2024-01-22,Kabel NYYHY 3x2.5 Supreme (50 mtr),Ipul Electric,1183000,1,Roll, Ready Mix Babat ,Sj 002464
2024-01-23,Air Accu PEGASUS,Cakra Motor,9583,1,btl, Forklift Kuning ,
2024-01-23,ACCU NS70 12V RCA BATT,DIRGAPUTRA EKAPRATAMA,851282,1,pcs, Forklift Kuning ,
2024-01-23,Fuel Filter NKR & NMR I8 98037481-A,Astra Isuzu,90675,1,Pcs, Forklift Kuning ,
2024-01-23,Fuel Filter NKR & NMR / ASTRA,16-97172549-0,37000,1,Pcs, Forklift Kuning ,
2024-01-23,Oil Engine MEDITRAN SX,15W-40,29200,9,ltr, N 9433 UG ,REQ 000570
2024-01-23,Oil Filter NKR & NMR I6-97247 514-0,Astra Isuzu,94575,1,Pcs, N 9433 UG ,REQ 000570
2024-01-23,Fuel Filter HINO 23401/PAK MUQ,RM Surabaya,39000,1,pcs, N 9433 UG ,REQ 000570
2024-01-23,Baut Roda NKR71 RR-RH Mitsuda,73 Motor,60000,2,pcs, N 9433 UG ,REQ 000570
2024-01-23,BAUT RODA BLKG NKR71 IS02 RR-LH/IBK,DIRGAPUTRA EKAPRATAMA,58142,4,pcs, N 9433 UG ,REQ 000570
2024-01-23,Jasa Repair Velg ,Triyenny Jaya,60000,1,pcs, N 9433 UG ,REQ 000570
2024-01-23,Kawat Las RB 4.0 mm,Untuk Las Velg,1565,11,pcs, N 9433 UG ,REQ 000570
2024-01-23,Daun Velg L-6 LANTECH,P/N,400000,1,Pcs, N 9433 UG ,REQ 000570
2024-01-23,BAN LUAR 750-16 DPN SWL/SBM,471320,1425000,1,pcs, N 9433 UG ,REQ 000520
2024-01-23,Tabung O2,*,75000,2,tbg, Ayakan Crusher ,
2024-01-23,MP 80 Kuning,Cakra Motor,55000,1,btl, Ayakan Crusher ,
2024-01-23,MBNC 1/2 x 2 + WP,Cakra Motor,3100,10,set, Ayakan Crusher ,
2024-01-23,Kawat Las RB 3.2,Brillant,1000,20,pcs, Ayakan Crusher ,
2024-01-23,"WP 3/8""",Putra Cakra,500,45,pcs, Ayakan Crusher ,
2024-01-23,Oil Hydraulic MEDITRAN S10W,SAE 10 W,29000,2,Ltr, WA 01 ,
2024-01-23,Pir Extra NMR71 No. 1,73 Motor,380000,1,pcs, N 8515 UH ,REQ 000571
2024-01-23,Center Bolt/ Sunduk Pir NKR71,73 Motor,40000,1,pcs, N 8515 UH ,REQ 000571
2024-01-23,Spherical Bearing 22318 RZKW33C3 Koyo,Jaya Utama Bearings,1639500,1,pcs, Crusher ,
2024-01-23,BAN LUAR 750-16 DPN SWL/SBM,2312101,1425000,1,pcs, N 9210 UF ,REQ 000521
2024-01-23,Seal Rem 40493 R,73 MOTOR,10000,6,pcs, N 9210 UF ,REQ 000573
2024-01-23,SEAL DEBU ,73 Motor,4000,6,pcs, N 9210 UF ,REQ 000573
2024-01-23,BAUT RODA BLKG NKR71 IS02 RR-LH/IBK,DIRGAPUTRA EKAPRATAMA,58142,1,pcs, N 9210 UF ,REQ 000573
2024-01-23,Minyak Rem Prestone ,Dot 3,75000,0.3,Ltr, N 9210 UF ,REQ 000573
2024-01-23,V Belt B65,Omega Tech,54000,1,pcs, Paving 3 ,
2024-01-23,Servis Mop Pinion Gardan ,Bambang As,500000,1,pcs, N 9456 UG ,
2024-01-23,Bor Lubang As Roda,Bambang As,200000,1,pcs, N 8428 BF ,STRG
2024-01-23,AS RODA NMR 71/343mm,73 MOTOR,790000,1,pcs, N 8428 BF ,STRG
2024-01-23,Jack Base/Drat Scaffolding,Berkah Jaya,100000,1,pcs, N 8448 UF ,
2024-01-23,UM Storing P. Hadi + Rudi ke Dampit Jurang Kopi ,Kas ,15000,2,org, N 8428 BF ,
2024-01-23,Wipro Fitting SPC 12-03,SAKTI PUTRA PERDANA,20979,5,pcs, TM 209 Tangkil ,SJ 002459
2024-01-23,Baut 7/8x3 NC,Hasil Fastindo,16500,10,pcs, Loader Tangkil ,SJ 002459
2024-01-23,Washer Lock 7/8,Hasil Fastindo,1200,10,pcs, Loader Tangkil ,SJ 002459
2024-01-23,Lampu Engkel 12 V,*,4000,11,Pcs, TM 209 Tangkil ,SJ 002459
2024-01-23,Lampu dobel 12 V,*,4000,7,Pcs, TM 209 Tangkil ,SJ 002459
2024-01-23,Fuel Filter Donaldson J86-21842,UD Sempurna,137500,2,pcs, 213 FAW ,SJ 002459
2024-01-23,Fuel Filter J8621420,UD Sempurna,337500,1,pcs, 213 FAW ,SJ 002459
2024-01-23,Kawat Las RB 3.2 (5 kg),Brilliant,160000,1,pack, Tangkil ,SJ 002459
2024-01-23,Marshet R20 Swallow,Berkah Sigma Jaya,90000,1,pcs, CP 04 ,SJ 002459
2024-01-23,Bearing Trunion Dalam Beiben,Abadi Bintang,950000,1,pcs, TM 209 Tangkil ,SJ 002459
2024-01-23,Bearing Trunion Luar Beiben,Abadi Bintang,900000,1,pcs, TM 209 Tangkil ,SJ 002459
2024-01-23,Seal Debu Trunion Beiben,Abadi Bintang,375000,1,pcs, TM 209 Tangkil ,SJ 002459
2024-01-23,Oil Seal Dalam Beiben,Abadi Bintang,265000,1,pcs, TM 209 Tangkil ,SJ 002459
2024-01-23,Oil Seal Luar Beiben,Abadi Bintang,255000,1,pcs, TM 209 Tangkil ,SJ 002459
2024-01-23,Selang Bonit 12mm,Sumber Baru Diesel,22500,25,mtr, TM 209 Tangkil ,SJ 002459
2024-01-23,Tabung O2,*,75000,2,tbg, Tangkil ,SJ 002467
2024-01-23,Jasa Vulkanisir Dingin Ban 1000-20/MJS,UJB 453,1050000,1,pcs, Tangkil ,SJ 002467
2024-01-23,Jasa Vulkanisir Dingin Ban 1000-20/MJS,UJB 480,1050000,1,pcs, Tangkil ,SJ 002467
2024-01-23,Jasa Vulkanisir Dingin Ban 1000-20/MJS,UJB 184,1050000,1,pcs, Tangkil ,SJ 002467
2024-01-23,Jasa Vulkanisir Dingin Ban 1000-20/MJS,UJB 510,1050000,1,pcs, Tangkil ,SJ 002467
2024-01-23,Jasa Vulkanisir Panas Ban 1000-20/MJS,UJB 255,825000,1,pcs, Tangkil ,SJ 002467
2024-01-23,Jasa Vulkanisir Panas Ban 1000-20/MJS,UJB 378,825000,1,pcs, Tangkil ,SJ 002467
2024-01-23,BAN DALAM EVERSAVE 900-20,SBM,240000,4,pcs, Tangkil ,SJ 002467
2024-01-23,Marshet R20 GT,SBM,100000,4,pcs, Tangkil ,SJ 002467
2024-01-24,Oil Engine MEDITRAN SX,15W-40,29200,2.5,ltr, N 9058 UF ,
2024-01-24,"Gerinda Selep Nippon Resibon 4""",Prima Sekar,16000,6,pcs, Crusher 2 Mamuju ,
2024-01-24,Fuel Filter Donaldson / UD SMPRN,J8620120 ,72000,1,pcs, WA 01 ,
2024-01-24,RING SOLAR (100PCS),SBM,4000,4,pcs, WA 01 ,
2024-01-24,Valve Kit/Pentil Solar,73 MOTOR,20000,1,set, WA 01 ,
2024-01-24,Pompa Solar Denso,73 Motor,210000,1,pcs, WA 01 ,
2024-01-24,Servis Tierod,Bengkel Tristar,310000,1,set, N 8432 BF ,REQ 000522
2024-01-24,Ban Luar 750-16 BS/BSN + Ban Dalam + Marshet,T8901/HNJ3923,2175000,1,set, N 8432 BF ,REQ 000522
2024-01-24,Ban Luar 750-16 BS/BSN + Ban Dalam + Marshet,T8902/HNJ3923,2175000,1,set, N 8432 BF ,REQ 000522
2024-01-24,OIL PERTAMINA SAE 140,RORED HDA 140,36500,6,Ltr, N 9210 UF ,REQ 000573
2024-01-24,Gear Pinion Crown Wheel / NMR 71 / 43x7,ASTRA ISUZU,4192500,1,Set, N 9210 UF ,REQ 000573
2024-01-24,Oil Hydraulic TuraliK 69,CAHAYA GUNUNG JATI,26800,3,Ltr, Paving 3 ,
2024-01-24,Oil Engine MEDITRAN SX,15W-40,29200,9, ltr , N 9616 UH ,REQ 000574
2024-01-24,Oil Filter NKR & NMR I6-97247 514-0,Astra Isuzu,94575,1,Pcs, N 9616 UH ,REQ 000574
2024-01-24,Ban Luar 750-16 BS/BSN + Ban Dalam + Marshet,T8901/HNJ3923,2175000,1,set, N 8271 UF ,REQ 000512
2024-01-24,Ban Luar 750-16 BS/BSN + Ban Dalam + Marshet,T1201/HNJ3923,2175000,1,set, N 8271 UF ,REQ 000512
2024-01-24,Baut 3/8X6 NC (14) 1 box,B. 19,2150,60,pcs, Ayakan Crusher ,
2024-01-24,RING PLAT 3/8,B. 19,500,60,pcs, Ayakan Crusher ,
2024-01-24,Baut MBNC 1/2 x 2 1/2,Putra Cakra,3000,10,pcs, N 8448 UF ,
2024-01-24,As Drat 1 1/4,B. 19,205000,1,pcs, N 8448 UF ,
2024-01-24,Mur 1 1/4,B. 19,17500,4,pcs, N 8448 UF ,
2024-01-24,BAN LUAR 750-16 DPN SWL,1812317,1425000,1,pcs, N 8303 UH ,REQ 000518
2024-01-24,Ban Dalam 750-16 SWL,SBM,175000,1,pcs, N 8303 UH ,REQ 000518
2024-01-24,MARSHET R16 GT,SBM,50000,1,pcs, N 8303 UH ,REQ 000518
2024-01-24,Jasa Vulkanisir Dingin Ban 1000-20 GT/MJS,UJB 454,1050000,1,pcs, Readymix Puntir ,SJ 002466
2024-01-24,Jasa Vulkanisir Dingin Ban 1000-20 BS/MJS,UJB 534,1050000,1,pcs, Readymix Puntir ,SJ 002466
2024-01-24,Jasa Vulkanisir Dingin Ban 1000-20 APL/MJS,UJB 593,1050000,1,pcs, Readymix Puntir ,SJ 002466
2024-01-24,Jasa Vulkanisir Dingin Ban 1000-20,UJB 659,1050000,1,pcs, Readymix Puntir ,SJ 002466
2024-01-24,Jasa Vulkanisir Panas Ban 1000-20 GT/MJS,UJB 960,825000,1,pcs, Readymix Puntir ,SJ 002466
2024-01-24,Jasa Vulkanisir Panas Ban 1000-20 BS/MJS,UJB 961,825000,1,pcs, Readymix Puntir ,SJ 002466
2024-01-24,Ban Luar ORI 1000-20 BS/BSN,UJB 927,3575000,1,pcs, Readymix Puntir ,SJ 002466
2024-01-24,BAN DALAM EVERSAVE 900-20,SBM,240000,6,pcs, Readymix Puntir ,SJ 002466
2024-01-24,Marshet R20 GT,SBM,100000,6,pcs, Readymix Puntir ,SJ 002466
2024-01-24,BAN LUAR 750-16 DPN SWL,SBM,1425000,1,pcs, B 9981 PDC Puntir ,SJ 002468
2024-01-24,Ban Dalam 750-16 SWL,SBM,175000,1,pcs, B 9981 PDC Puntir ,SJ 002468
2024-01-24,MARSHET R16 GT,SBM,50000,1,pcs, B 9981 PDC Puntir ,SJ 002468
2024-01-24,Velg repair L6-12mm,Triyenny,60000,1,pcs, N 9491 UH Puntir ,SJ 002468
2024-01-24,Daun Velg L-6 LANTECH,P/N,400000,1,Pcs, N 9491 UH Puntir ,SJ 002468
2024-01-24,Kawat Las RB 4.0 mm,Untuk Las Velg,1565,11,pcs, N 9491 UH Puntir ,SJ 002468
2024-01-24,OIL PERTAMINA SAE 140,RORED HDA 140,36500,20,Ltr,Paving Puntir,SJ 002468
2024-01-24,Gearbox Paving Mixer,*,0,1,unit,Paving Puntir,SJ 002468
2024-01-24,Jasa Vulkanisir Dingin Ban 1000-20 GT/MJS,UJB 545,1050000,1,pcs,Kediri Readymix,SJ 002469
2024-01-24,Transmisi WA 200 (Komo),Dari Tangkil,0,1,pcs,Kediri Readymix,SJ 002469
2024-01-24,Dinamo Stater ELF,*,0,1,pcs,Kediri Readymix,SJ 002469
2024-01-25,Oil Engine MEDITRAN SX,15W-40,29200,2,ltr, WA 01 ,
2024-01-25,Oil Hydraulic MEDITRAN S10W,SAE 10 W,29000,3,Ltr, WA 01 ,
2024-01-25,Minyak Rem Prestone ,Dot 3,75000,0.6,Ltr, N 8515 UH ,
2024-01-25,"Gerinda Potong WD 4""",Prima Sekar,50000,1,pack, Crusher 2 Mamuju ,
2024-01-25,"Gerinda Selep Nippon Resibon 4""",Prima Sekar,16000,4,pcs, Crusher 2 Mamuju ,
2024-01-25,Kawat Las RB 4.0 (5Kg),Brilliant,160000,1,pack, Crusher 2 Mamuju ,
2024-01-25,FLAPDISC 60,PRIMA SEKAR,5750,1,pcs, Crusher 2 Mamuju ,
2024-01-25,Baut 5/8x1 1/2 (1 dus),B. 19,2735,40,pcs, Crusher 2 Mamuju ,
2024-01-25,Baut 5/8x3 (1 dus),B. 19,3710,25,pcs, Crusher 2 Mamuju ,
2024-01-25,Lem Autosealer,Makmur Motor,12500,1,pcs, N 9849 UH ,
2024-01-25,Oil Hydraulic MEDITRAN S10W,SAE 10 W,29000,3,Ltr, N 9849 UH ,
2024-01-25,Tabung O2,*,75000,1,tbg, Crusher ,
2024-01-25,KLEM ACCU,73 MOTOR,30000,1,set, N 8303 UH ,REQ 000582
2024-01-25,Pin Pir Babo Depan NKR 71,73 Motor,70000,3,pcs, N 8303 UH ,REQ 000582
2024-01-25,Bushing Pir Babo Depan NKR 71 25x43x71,73 Motor,70000,2,pcs, N 8303 UH ,REQ 000582
2024-01-25,Bushing Pir Babo Depan NKR 71 25x40x35,73 Motor,50000,2,pcs, N 8303 UH ,REQ 000582
2024-01-25,Shackle/ Plat Anting Pir babo NKR 71 F/R,73 Motor,35000,1,pcs, N 8303 UH ,REQ 000582
2024-01-25,Shackle/ Plat Anting Pir babo NKR 71 F/R,Makmur Motor,50000,1,pcs, N 8303 UH ,REQ 000582
2024-01-25,Bracket/ Anting Pir babo NKR 71 F/R,73 Motor,190000,1,pcs, N 8303 UH ,REQ 000582
2024-01-25,Servis Draglink,Tri Star,310000,1,set, N 8303 UH ,REQ 000582
2024-01-25,NEPEL GREASE 10 mm - Straight,73 MOTOR,5000,3,pcs, N 8303 UH ,REQ 000582
2024-01-25,SPACER COLLAR PINION Gardan NMR 1-41219004-0,73 MOTOR,160000,1,pcs, N 9210 UF ,
2024-01-25,Bearing Gardan 30309 DJR ,JAYA UTAMA BEARINGS,166900,1,pcs, N 9210 UF ,
2024-01-25,Bearing Gardan 30310 DJR ,JAYA UTAMA BEARINGS,196500,1,pcs, N 9210 UF ,
2024-01-25,Seal MOB Gardan,Dari Puntir /Pak MUQ,45000,1,pcs, N 9210 UF ,
2024-01-25,Bearing Gardan 3984/20,JAYA UTAMA BEARINGS,155000,2,pcs, N 9210 UF ,
2024-01-25,Bearing Pinion NMR / J 30-1 ACG38,JAYA UTAMA BEARINGS,302500,1,pcs, N 9210 UF ,
2024-01-25,Ban Luar 750-16 Y866 DRT/DGP,309 201 5765,1809287,1,pcs, N 8427 BF ,REQ 000523
2024-01-25,Ban Luar 750-16 Y866 DRT/DGP,310 304 0521,1809288,1,pcs, N 8427 BF ,REQ 000523
2024-01-25,Ban Dalam 700/750-16 BR-9,Berkah Sigma Jaya,125000,2,pcs, N 8427 BF ,REQ 000523
2024-01-25,Marshet R16 Swallow,Berkah Sigma Jaya,50000,2,pcs, N 8427 BF ,REQ 000523
2024-01-25,Baut Roda NKR71 RR-RH Mitsuda,73 Motor,60000,3,pcs, N 8235 UG ,REQ 000576
2024-01-25,BAUT RODA BLKG NKR71 IS02 RR-LH/IBK,DIRGAPUTRA EKAPRATAMA,58142,2,pcs, N 8235 UG ,REQ 000576
2024-01-25,Pir Extra NMR71 No. 3,73 Motor,290000,1,pcs, N 8235 UG ,REQ 000577
2024-01-25,Pir Extra NMR71 No. 4,73 Motor,280000,1,pcs, N 8235 UG ,REQ 000577
2024-01-25,Pir Extra No.5 / IZ0075H-05,73 Motor,125000,1,pcs, N 8235 UG ,REQ 000577
2024-01-25,Center Bolt/ Sunduk Pir NKR71,73 Motor,40000,1,pcs, N 8235 UG ,REQ 000577
2024-01-25,Pir Extra NMR71 No. 1,73 Motor,380000,1,pcs, N 8271 UF ,REQ 000578
2024-01-25,Velg Baru L6-12mm,P/N,900000,1,pcs, N 8271 UF ,REQ 000578
2024-01-25,Center Bolt/ Sunduk Pir NKR71,73 Motor,40000,1,pcs, N 8271 UF ,REQ 000578
2024-01-25,Minyak Rem PRESTONE / ARNEX,DOT 3,75000,0.3,Ltr, N 8444 UF ,
2024-01-25,Bensin Ecer ,Kas ,12000,2,Ltr , Service N 9210 UF  ,
2024-01-25,Service Mobil P. Abdulloh di Astra ,Kas ,928262,1,Pcs , N 1057 HC ,
2024-01-25,Service EGR ECV Mobil N 8333 UF ,Astra ,803810,1,unit, N 8333 UH ,
2024-01-25,"WIPER BLADE 20""",73 MOTOR,40000,4,pcs, CP 02/CP 06 ,SJ 002470
2024-01-25,Stop Lamp NKR - LH,73 Motor,115000,1,pcs, TM 223 ,SJ 002470
2024-01-25,Stop Lamp NKR - RH,73 Motor,115000,1,pcs, TM 223 ,SJ 002470
2024-01-25,Klakson Trompet Double,73 MOTOR,120000,1,pcs, CP 04 ,SJ 002470
2024-01-25,Kawat Las RB 3.2,Brillant,160000,1,pack, Tangkil ,SJ 002470
2024-01-25,Plat Hitam 5 x 4 x 8 FULL,Sinar Mas Baja Perkasa,1599000,5,lbr, Corong TM Tangkil ,SJ 002470
2024-01-25,UNP EQ 50,Sinar Mas Baja Perkasa,252500,2,btg, Corong TM Tangkil ,SJ 002470
2024-01-26,Sensor Filter Solar,Makmur Motor,35000,1,pcs, Forklift Kuning ,
2024-01-26,Minyak Rem PRESTONE / ARNEX,DOT 3,75000,0.3,Ltr, Forklift Kuning ,
2024-01-26,BEARING RODA DEPAN DALAM NKR71 32210JR,JAYA UTAMA BEARINGS,117000,1,pcs, N 9426 UG ,
2024-01-26,Bearing Roda Depan Luar / JUB,32207 J KOYO,77000,1,Pcs, N 9426 UG ,
2024-01-26,STOPPER PIR DEPAN NKR/NMR,73 Motor,70000,1,pcs, N 9426 UG ,
2024-01-26,Center As Balok,Bengkel Hok,1540000,1,set, N 8448 UF ,
2024-01-26,STOPPER DEPAN NKR/NMR,73 MOTOR,85000,2,pcs, N 8448 UF ,
2024-01-26,BEARING RODA DEPAN 32207 JR,JAYA UTAMA BEARINGS,73500,1,pcs, N 9426 UG ,REQ 000579
2024-01-26,BEARING RODA DEPAN DALAM NKR71 32210JR,JAYA UTAMA BEARINGS,117000,1,pcs, N 9426 UG ,REQ 000579
2024-01-26,Seal Roda Depan NKR71,Makmur Motor,35000,1,pcs, N 9426 UG ,REQ 000579
2024-01-26,STOPPER PIR DEPAN NKR/NMR,73 Motor,70000,1,pcs, N 9426 UG ,REQ 000579
2024-01-26,Seal Rem 40493 R,73 MOTOR,10000,2,pcs, N 9426 UG ,REQ 000579
2024-01-26,Minyak Rem PRESTONE / ARNEX,DOT 3,75000,0.3,Ltr, N 9426 UG ,REQ 000579
2024-01-26,King Pin NKR 71,73 Motor,500000,0.5,set, N 9426 UG ,REQ 000579
2024-01-26,Oil Engine MEDITRAN SX PLUS ( 200 L ),Cahaya Gunung Jati,33750,11.5,ltr, N 8407 UG ,REQ 000580
2024-01-26,Oil Filter NKR & NMR I6-97247 514-0,Astra Isuzu,97000,1,Pcs, N 8407 UG ,REQ 000580
2024-01-26,Fuel Filter NKR & NMR I8 98037481-A,Astra Isuzu,93000,1,Pcs, N 8407 UG ,REQ 000580
2024-01-26,FUEL FILTER DMAX I6-98159 693-0,ASTRA ISUZU,73125,1,pcs, N 8407 UG ,REQ 000580
2024-01-26,BAN LUAR 750-16 DPN SWL/BJ,0200 1223,1400000,1,pcs, N 9426 UG ,REQ 000524
2024-01-26,BAN LUAR 750-16 DPN SWL/BJ,0203 1116,1400000,1,pcs, N 9426 UG ,REQ 000524
2024-01-26,Ban Dalam 700/750-16 BR-9 SWL,Ban Jaya,175000,2,pcs, N 9426 UG ,REQ 000524
2024-01-26,Marshet R16 SWL,Ban Jaya,50000,2,pcs, N 9426 UG ,REQ 000524
2024-01-26,"Gerinda Selep Nippon Resibon 4""",Prima Sekar,16000,2,pcs, Crusher 2 Mamuju ,
2024-01-26,Pipa Bekas Potong Stainless,Sejahtera,40000,1,pcs, Crusher 2 Mamuju ,
2024-01-26,Tabung O2,*,75000,1,tbg, Crusher 2 Mamuju ,
2024-01-26,Spring/Pir Gas NKR 71,73 Motor,130000,1,pcs, N 9849 UH ,
2024-01-26,Bearing Roda Belakang Dalam NMR/JUB,30213 JR / KOYO,162900,1,Pcs, N 8444 UF , Req 000581 
2024-01-26,Semprotan/Gun YLG06 HPC ,Kas - PT Kawan Lama ,225496,1,Pcs , Mekanik ,
2024-01-26,Lance YLG06 HPC ,Kas - PT Kawan Lama ,150017,1,Pcs , Mekanik ,
2024-01-27,Oil Engine MEDITRAN SX,15W-40,29200,1,ltr, WA 01 ,
2024-01-27,Oil Hydraulic MEDITRAN S10W,SAE 10 W,29000,2,Ltr, WA 01 ,
2024-01-27,Oil Hydraulic TuraliK 69,CAHAYA GUNUNG JATI,26800,2,Ltr, WA 01 ,
2024-01-27,Bearing Roda Belakang Dalam NMR/JUB,30213 JR / KOYO,162900,1,Pcs, N 9566 UG ,Rudi Storing
2024-01-27,Bearing Roda Belakang Luar / JUB,28680/22 KOYO,176750,1,Pcs, N 9566 UG ,Rudi Storing
2024-01-27,Seal Roda Belakang Dalam NMR,Makmur Motor,35000,1,pcs, N 9566 UG ,Rudi Storing
2024-01-27,Minyak Rem PRESTONE / ARNEX,DOT 3,75000,0.6,Ltr, N 9566 UG ,Rudi Storing
2024-01-27,Oil Engine MEDITRAN SX,15W-40,29200,9,ltr, N 9566 UG ,
2024-01-27,Oil Filter NKR & NMR/ Astra,16-97247 514-0,94575,1,pcs, N 9566 UG ,
2024-01-27,Seal Rem 40493 ,73 Motor,10000,8,pcs, N 9566 UG ,
2024-01-27,SEAL DEBU ,73 Motor,4000,2,pcs, N 9566 UG ,
2024-01-27,Stang Las 600 A,Cakra Motor,85000,2,pcs, Mekanik ,
2024-01-27,Kedok/ Topeng Las,Cakra Motor,50000,1,pcs, Mekanik ,
2024-01-27,Kaca Mata,Cakra Motor,10000,2,pcs, Mekanik ,
2024-01-27,Kaca Las Hitam,Cakra Motor,3000,2,pcs, Mekanik ,
2024-01-27,Bostel 100 A,Barokah,5000,2,set, Mekanik ,
2024-01-27,Kawat Las RB 4.0 (5Kg),Brilliant,160000,2,pack, Crusher 2 Mamuju ,
2024-01-27,"Gerinda Selep Nippon Resibon 4""",Prima Sekar,16000,6,pcs, Crusher 2 Mamuju ,
2024-01-27,LAMPU H4 24V 100/90 PHILLIPS,73 MOTOR,45000,1,pcs, N 8303 UH ,REQ 000583
2024-01-27,SEKRING / FUSE MINI 10A ( 50 PC ),73 MOTOR,3750,4,pcs, N 8303 UH ,REQ 000583
2024-01-27,Minyak Rem PRESTONE / ARNEX,DOT 3,75000,0.6,Ltr, N 8303 UH ,REQ 000583
2024-01-27,Jarum Keras M20,B.19,55000,1,pcs, Crusher ,
2024-01-27,Air Filter NMR I8-98321 413-A,Astra Isuzu,220000,1,Pcs, N 9492 UH ,
2024-01-27,Seal Roda Belakang Luar NKR/NMR,Makmur Motor,55000,1,pcs, N 9492 UH ,
2024-01-27,Repair KIT Snail Rem FUSO,SUMBER BERKAT DIESEL,285000,1,set, CP 06 ,SJ 002471
2024-01-27,Snail Rem Fuso (Pendek),ex Tronton DT 9577 UF,0,1,pcs, CP 06 ,SJ 002471
2024-01-27,Connector Link / Sambungan Rantai DID80-1,Omega Tech,29000,2,pcs, Tangkil ,SJ 002471
2024-01-27,Connecting Link RS60-1,Omega Tech,5000,1,Pcs, Tangkil ,SJ 002471
2024-01-27,Jasa Ban Vulkanisir Panas 900-20/MJS,UJB 900,750000,1,pcs, Tangkil ,SJ 002471
2024-01-27,Jasa Ban Vulkanisir Panas 900-20/MJS,UJB 901,750000,1,pcs, Tangkil ,SJ 002471
2024-01-27,Ban Dalam 900-20 BR-9,Berkah Sigma Jaya,245000,2,pcs, Tangkil ,SJ 002471
2024-01-27,Marshet R20 Swl,Berkah Sigma Jaya,90000,2,pcs, Tangkil ,SJ 002471
2024-01-27,UKF 215 FK (As 75mm/78mm),Lahar Jaya,435000,2,pcs, Puntir Readymix ,SJ 002472 (Dibawa Jainul Tangkil)
2024-01-29,Oil Engine MEDITRAN SX,15W-40,29200,9,ltr, N 9614 UH ,REQ 000585
2024-01-29,Oil Filter NKR & NMR I6-97247 514-0,Astra Isuzu,97000,1,Pcs, N 9614 UH ,REQ 000585
2024-01-29,BEARING RODA DEPAN DALAM NKR71 32210JR,JAYA UTAMA BEARINGS,117000,1,pcs, N 9614 UH ,REQ 000585
2024-01-29,SEAL DEBU ,73 Motor,4000,8,pcs, N 9614 UH ,REQ 000585
2024-01-29,Seal Rem 40493 R,73 MOTOR,10000,8,pcs, N 9614 UH ,REQ 000585
2024-01-29,Seal Roda Belakang Luar NKR/NMR,Makmur Motor,55000,2,pcs, N 9614 UH ,REQ 000585
2024-01-29,Seal Roda Belakang Dalam NMR,Makmur Motor,35000,2,pcs, N 9614 UH ,REQ 000585
2024-01-29,"Wiper 19"" Denso",Cakra Motor,50000,2,pcs, N 9614 UH ,REQ 000585
2024-01-29,Oil Engine MEDITRAN SX,15W-40,29200,2,Ltr, N 9058 UF ,
2024-01-29,Oil Engine MEDITRAN SX,15W-40,29200,1.5,Ltr, N 8502 UA ,
2024-01-29,Oil Hydraulic MEDITRAN S10W,SAE 10 W,29000,2,Ltr, WA 01 ,
2024-01-29,RING SOLAR (100PCS),SBM,4000,1,pcs, WA 01 ,
2024-01-29,Fuel Filter Donaldson / UD SMPRN,J8620120 ,72000,1,pcs, WA 01 ,
2024-01-29,V belt GAIDO C226,TALI AGUNG,272000,2,pcs, Crusher ,
2024-01-29,V Belt Gaido C77,Omega Tech,98000,3,pcs, Crusher ,
2024-01-29,V Belt Mitsuboshi B65,Omega Tech,54000,1,pcs, Paving 3 ,
2024-01-29,Velg Baru L6-12mm,P/N,900000,1,pcs, N 8761 UG ,REQ 000586
2024-01-29,OIL PERTAMINA SAE 140,RORED HDA 140,36500,3,Ltr, N 8761 UG ,REQ 000586
2024-01-29,LAMPU H4 24V 100/90 PHILLIPS,73 MOTOR,45000,1,pcs, N 8333 UH ,
2024-01-29,Tabung O2,*,75000,1,tbg, Crusher 2 Mamuju ,
2024-01-29,Kawat Las RB 4.0 (5Kg),Brilliant,160000,1,pack, Crusher 2 Mamuju ,
2024-01-29,Kawat Las RB 4.0 mm,Brilliant,1565,10,pcs, Crusher 2 Mamuju ,
2024-01-29,Gerinda Makita M900B/Maktec MT 902,Sakti Putra Perdana,1775001,1,pcs, Mekanik ,
2024-01-29,Visor Door/ Talang Pintu NKR,73 Motor,100000,1,set, N 9849 UH ,
2024-01-29,Tabung Skep Colt Diesel,73 Motor,120000,1,pcs, N 9492 UH ,REQ 000587
2024-01-29,Slang Asbes 2mm,Toko Delta,3500,1,ljr, Logistik ,
2024-01-29,Slang Asbes 3mm,Toko Delta,5000,1,ljr, Logistik ,
2024-01-29,Kapasitor 10MF Kabel,Rejo Joyo,35000,2,pcs, Paving 2 ,
2024-01-29,Pembayaran Conveyor Tangkil ,Kas ,7767000,1,pcs, Tangkil ,
2024-01-29,Baut Baja M18 x 75 Hitam,Hasil Fastindo,14950,20,pcs, H 9520 UV ,SJ 002473
2024-01-29,Baut Baja M18 x 75 Hitam,Hasil Fastindo,12500,10,pcs, H 9520 UV ,SJ 002473
2024-01-29,Washer Lock M18 Hitam,Hasil Fastindo,2000,30,pcs, H 9520 UV ,SJ 002473
2024-01-29,Bushing Trunion Giga FVZ/Bogi 115*125*78,73 MOTOR,150000,4,pcs, H 9520 UV ,SJ 002473
2024-01-29,Shaft Trunion Giga FVZ/bogi,73 MOTOR,955000,2,pcs, H 9520 UV ,SJ 002473
2024-01-29,U bolt/ Kawel Pir Nissan/Trunion 27*9*40,73 MOTOR,185000,2,pcs, H 9520 UV ,SJ 002473
2024-01-29,Center Bolt/ Sunduk Pir Belakang Giga FVZ,73 Motor,70000,2,pcs, H 9520 UV ,SJ 002473
2024-01-29,Baut Stabillizer/ Bolt Torque Rod 10cm,73 MOTOR,25000,8,pcs, H 9520 UV ,SJ 002473
2024-01-29,Baut Stabillizer/ Bolt Torque Rod 27cm,73 MOTOR,40000,4,pcs, H 9520 UV ,SJ 002473
2024-01-29,Rubber Stopper I7-66802317-A,ASTRA ISUZU,195000,2,pcs, H 9520 UV ,SJ 002473
2024-01-29,Rubber Stopper I7-66802318-A,ASTRA ISUZU,214500,1,pcs, H 9520 UV ,SJ 002473
2024-01-29,Rubber Stopper I1-53366072-A,ASTRA ISUZU,194999,1,pcs, H 9520 UV ,SJ 002473
2024-01-29,Seal Trunion I1-51389005-0,ASTRA ISUZU,165750,2,pcs, H 9520 UV ,SJ 002473
2024-01-29,Pin Pir Trailer,73 Motor,50000,2,pcs, H 9520 UV ,SJ 002473
2024-01-29,Bongkar-Pasang As Bogi HINO,HOK,1500000,2,pcs, H 9520 UV ,SJ 002473
2024-01-29,Bikin Pen Pir,HOK,250000,1,pcs, H 9520 UV ,SJ 002473
2024-01-29,Bongkar-Pasang Bushing,HOK,250000,4,pcs, H 9520 UV ,SJ 002473
2024-01-29,Oil Engine MEDITRAN SX 15W-40,CAHAYA GUNUNG JATI,6100000,1,drum,Babat,SJ 002475
2024-01-29,OIL PERTAMINA SAE 140,RORED HDA 140,36500,20,ltr,Babat,SJ 002475
2024-01-29,Ban Vulkanisir 8.25-16/Pembelian Puntir tp pembayaran Mlg 29/1,HDFD 3320,900000,1,pcs,Babat,SJ 002475
2024-01-29,Ban Vulkanisir 8.25-16/Pembelian Puntir tp pembayaran Mlg 29/1,HDFD 3320,900000,1,pcs,Babat,SJ 002475
2024-01-29,Ban Vulkanisir 8.25-16/Pembelian Puntir tp pembayaran Mlg 29/1,HDFD 3522,900000,1,pcs,Babat,SJ 002475
2024-01-29,Ban Vulkanisir 8.25-16/Pembelian Puntir tp pembayaran Mlg 29/1,HDFD 0820,900000,1,pcs,Babat,SJ 002475
2024-01-29,Ban Vulkanisir 8.25-16/Pembelian Puntir tp pembayaran Mlg 29/1,HDFD 3421,900000,1,pcs,Babat,SJ 002475
2024-01-29,Ban Vulkanisir 8.25-16/Pembelian Puntir tp pembayaran Mlg 29/1,HDFD 0721,900000,1,pcs,Babat,SJ 002475
2024-01-29,Ban Dalam 750/825-16 GT/SBM,SBM,200000,6,pcs,Babat,SJ 002475
2024-01-29,MARSHET R16 GT,SBM,50000,6,pcs,Babat,SJ 002475
2024-01-29,Vulkanisir Jadi Panas Ban 1000-20 EPCO/BSJ,821,1500000,1,pcs,Kediri Readymix,SJ 002474
2024-01-29,Vulkanisir Jadi Panas Ban 1000-20 MRF/BSJ,1061854-2422,1500000,1,pcs,Kediri Readymix,SJ 002474
2024-01-29,Vulkanisir Jadi Panas Ban 1000-20 GY/BSJ,0921/B06-95942,1500000,1,pcs,Kediri Readymix,SJ 002474
2024-01-29,Vulkanisir Jadi Panas Ban 1000-20 GY/BSJ,UJB 964,1500000,1,pcs,Kediri Readymix,SJ 002474
2024-01-29,Vulkanisir Jadi Panas Ban 1000-20 GY/BSJ,2321/B09-52474,1500000,1,pcs,Kediri Readymix,SJ 002474
2024-01-29,Vulkanisir Jadi Panas Ban 1000-20 BS/BSJ,D2A2L1254,1500000,1,pcs,Kediri Readymix,SJ 002474
2024-01-29,Form Pemakaian Ban,*,0,2,pcs,Kediri Readymix,SJ 002474
2024-01-30,Solasi Listrik,73 Motor,8500,1,pcs,Paving 2,
2024-01-30,Oil Engine MEDITRAN SX,15W-40,29200,9,ltr, N 8427 BF ,
2024-01-30,Oil Filter NKR & NMR/ Astra,16-97247 514-0,94575,1,pcs, N 8427 BF ,
2024-01-30,Oil Engine MEDITRAN SX,15W-40,29200,1,ltr, N 8515 UH ,
2024-01-30,Rubber Engine Foot RH,8-97122-893-0 RH,780000,1,Pcs, N 8310 UH ,REQ 000584
2024-01-30,Oil RORED HDA 90,CAHAYA GUNUNG JATI,38000,1,ltr, N 8310 UH ,REQ 000584
2024-01-30,Oil Engine MEDITRAN SX,Untuk Transmisi,29200,3,ltr, N 8310 UH ,REQ 000584
2024-01-30,OIL PERTAMINA SAE 140,RORED HDA 140,36500,1,Ltr, N 8310 UH ,REQ 000584
2024-01-30,Kapasitor 10MF Kabel,Rejo Joyo,35000,1,pcs, Paving 1 ,
2024-01-30,Kawat Las RB 4.0mm,Brilliant,160000,2,pck, Crusher 2 Mamuju ,
2024-01-30,Pir Spiral/ Coil Spring L300,SBM,425000,4,pcs, Crusher 2 Mamuju ,
2024-01-30,Oil Engine MEDITRAN SX,15W-40,29200,2,ltr, WA 01 ,
2024-01-30,Oil Hydraulic MEDITRAN S10W,SAE 10 W,29000,3,Ltr, WA 01 ,
2024-01-30,Asbes 210x80,Ud Barokah,36000,6,pcs, Crusher ,
2024-01-30,Triplek 5m,Ud Barokah,81000,2,set, Crusher ,
2024-01-30,KANVAS HAND REM NKR71,73 MOTOR,100000,1,set, N 8502 UA ,
2024-01-30,Oil Engine MEDITRAN SX,15W-40,29200,9,ltr, N 9210 UF ,
2024-01-30,Oil Filter NKR & NMR/ Astra,16-97247 514-0,94575,1,pcs, N 9210 UF ,
2024-01-30,Servis Knalpot,Bambang AS,650000,1,set, N 8105 UB ,
2024-01-30,BBM Traga Storing ke Puntir Perbaikan As Bogi 29/1,Kas,6800,14.70588235,ltr , H 9520 UV  ,
2024-01-30,E-Toll P. Hadi Storing ke Puntir PP 30/1,Kas,21500,2,x, H 9520 UV  ,
2024-01-30,UM Storing ke puntir 2 hari P. Hadi+P. Rudi+P. Edi (29/1-30/1),Kas,30000,3,org, H 9520 UV  ,
2024-01-30,LEM GASKET SHELLAC,73 Motor,45000,1,pcs, CP 04 Tangkil ,SJ 002477
2024-01-30,Marshet R20 Swallow,Berkah Sigma Jaya,90000,2,pcs, Tangkil ,SJ 002477
2024-01-30,Stop Lamp Assy NKR 71,Sumber Baru Motor,110000,1,set, CP 04 Tangkil ,SJ 002477
2024-01-30,OIL PERTAMINA SAE 140,RORED HDA 140,36500,20,Ltr, Tangkil ,SJ 002477
2024-01-30,Oil Hydraulic Turalik 69,CAHAYA GUNUNG JATI,5600000,1,drum, Tangkil ,SJ 002477
2024-01-30,Oil 140 Kyoso,SBM,30000,2,ltr, N 9613 UH ,Sj 002478
2024-01-30,Gardan Set Repair NMR 71,,0,1,set, N 9613 UH ,Sj 002478
2024-01-30,Grease Bearing SHELL - Gadus S2V150C 3,Panca Putra Mitra Tama,1500000,2,pail, Crusher Puntir ,Sj 002478
2024-01-30,Ban Luar ORI 1100-20 BS/BSN,UJB 930,4200000,1,pcs, N 8198 UH ,Sj 002478
2024-01-30,Ban Luar ORI 1100-20 BS/BSN,UJB 931,4200000,1,pcs, N 8198 UH ,Sj 002478
2024-01-30,Ban Dalam 1000-20 BR-9,Berkah Sigma Jaya,265000,2,pcs, N 8198 UH ,Sj 002478
2024-01-30,Marshet R20 Swl,Berkah Sigma Jaya,90000,2,pcs, N 8198 UH ,Sj 002478
2024-01-30,Air Accu PEGASUS,Cakra Motor,10000,4,btl, Puntir ,Sj 002478
2024-01-30,Jasa Repair Velg ,Triyenny Jaya,60000,1,pcs, N 9613 UH ,Sj 002478
2024-01-30,Kawat Las RB 4.0 mm,Untuk Las Velg,1565,11,pcs, N 9613 UH ,Sj 002478
2024-01-30,Daun Velg L-6 LANTECH,P/N,400000,1,Pcs, N 9613 UH ,Sj 002478
2024-01-30,Daun Velg L8-R20,Anugerah Jaya,600000,1,pcs, Stock Puntir ,Sj 002478
2024-01-30,Bongkar Pasang Velg Besar,Triyenny,150000,1,pcs, Stock Puntir ,Sj 002478
2024-01-30,Kawat Las RB 4.0 mm,Untuk Las Velg,1565,11,pcs, Stock Puntir ,Sj 002478
2024-01-31,Jasa Repair Velg ,Triyenny Jaya,60000,1,pcs,N 8427 BF,
2024-01-31,Kawat Las RB 4.0 mm,Untuk Las Velg,1565,11,pcs,N 8427 BF,
2024-01-31,Daun Velg L-6 LANTECH,P/N,400000,1,pcs,N 8427 BF,
2024-01-31,Baut Roda NKR71 RR-RH Mitsuda,73 Motor,60000,1,pcs,N 8427 BF,
2024-01-31,FLAPDISC 60,PRIMA SEKAR,5750,1,pcs, Crusher 2 Mamuju ,
2024-01-31,"Gerinda Selep Nippon Resibon 4""",Prima Sekar,16000,2,pcs, Crusher 2 Mamuju ,
2024-01-31,Pipa Besi,Aneka Logam,19000,9,pcs, Crusher 2 Mamuju ,
2024-01-31,Kawat Las RB 4.0mm,Brilliant,160000,1,pck, Crusher 2 Mamuju ,
2024-01-31,Bearing Gardan 3984/20,JAYA UTAMA BEARINGS,155000,2,pcs, N 8310 UH ,REQ 000588
2024-01-31,Seal MOB Gardan,Dari Puntir /Pak MUQ,45000,1,pcs, N 8310 UH ,REQ 000588
2024-01-31,OIL PERTAMINA SAE 140,RORED HDA 140,36500,4,Ltr, N 8310 UH ,REQ 000588
2024-01-31,Lem Autosealer,Makmur Motor,12500,1,pcs, N 8310 UH ,REQ 000588
2024-01-31,Bearing 30309 DJR,Lahar Jaya,185000,1,pcs, N 8310 UH ,REQ 000588
2024-01-31,Bearing 30310 DJR,Lahar Jaya,220000,1,pcs, N 8310 UH ,REQ 000588
2024-01-31,O-ring Vit / Cylinder Hydrauic Paving,Virgo Motor,15000,2,pcs, WA 01 ,
2024-01-31,RING SOLAR (100PCS),SBM,4000,4,pcs, WA 01 ,
2024-01-31,Jasa Repair Velg ,Triyenny Jaya,60000,1,pcs, N 9446 UG ,
2024-01-31,Kawat Las RB 4.0 mm,Untuk Las Velg,1565,11,pcs, N 9446 UG ,
2024-01-31,Daun Velg L-6 LANTECH,P/N,400000,1,pcs, N 9446 UG ,
2024-01-31,Baut Cross Joint Colt Diesel/Canter,73 Motor,15000,1,pcs, N 8515 UH ,
2024-01-31,Oil Hydraulic MEDITRAN S10W,SAE 10 W,29000,1.5,Ltr, N 9849 UH ,
2024-01-31,Oil Engine MEDITRAN SX,15W-40,29200,1.5,Ltr, N 9849 UH ,
2024-01-31,OIL PERTAMINA SAE 140,RORED HDA 140,36500,1,Ltr, N 8761 UG ,
2024-01-31,BAUT RODA BLKG NKR71 IS02 RR-LH/IBK,DIRGAPUTRA EKAPRATAMA,58142,2,pcs, N 9443 UG ,
2024-01-31,Oil Engine MEDITRAN SX,15W-40,29200,1,Ltr, N 9443 UG ,
2024-01-31,Minyak Rem PRESTONE / ARNEX,DOT 3,75000,0.6,Ltr, N 9443 UG ,
2024-01-31,Jasa Repair Velg ,Triyenny Jaya,60000,1,pcs, N 9426 UG ,REQ 000590
2024-01-31,Kawat Las RB 4.0 mm,Untuk Las Velg,1565,11,pcs, N 9426 UG ,REQ 000590
2024-01-31,Daun Velg L-6 LANTECH,P/N,400000,1,Pcs, N 9426 UG ,REQ 000590
2024-01-31,Obeng ,Kas,12000,1,Pcs , Mekanik ,
2024-01-31,Bensin Ecer Cuci gardan ,Kas,12000,2,Ltr , N 8310 UH  ,
2024-01-31,"UM Storing ke Tol Madyopuro P. Hadi, P. Edi, P. Rudi ",Kas,15000,3,Org , B 9319 UIU  ,
2024-01-31,CUTTING STICKER UJB KECIL,QUEENS,81000,1,pcs, TM 207 ,SJ 002479
2024-01-31,Kabel Handrem Grandmax,Makmur Motor,175000,1,pcs, N 8084 GG Gmax Tangkil ,SJ 002479
2024-01-31,Filter Udara Grandmax,Makmur Motor,60000,1,pcs, N 8084 GG Gmax Tangkil ,SJ 002479
2024-01-31,Oil Filter Grandmax,Makmur Motor,25000,1,pcs, N 8084 GG Gmax Tangkil ,SJ 002479
2024-01-31,Drik Laker Grandmax,Makmur Motor,135000,1,pcs, N 8084 GG Gmax Tangkil ,SJ 002479
2024-01-31,Kawat Drik Laker Grandmax,Makmur Motor,15000,1,pcs, N 8084 GG Gmax Tangkil ,SJ 002479
2024-01-31,Seal Transmisi Grandmax,Makmur Motor,45000,1,pcs, N 8084 GG Gmax Tangkil ,SJ 002479
2024-01-31,Kamvas Kopling Grandmax ,Makmur Motor,425000,1,pcs, N 8084 GG Gmax Tangkil ,SJ 002479
2024-01-31,Lem Threebond,Makmur Motor,25000,1,pcs, CP 01 ,SJ 002479
2024-01-31,Lem Threebond,Makmur Motor,25000,1,pcs, TM 209 ,SJ 002479
2024-01-31,Head Lamp assy Grandmax LH/RH,Makmur Motor,475000,2,pcs, N 8084 GG Gmax Tangkil ,SJ 002479
2024-01-31,Mirror/Spion Hino FG/FL/FM LH,73 Motor,87500,1,pcs, CP 05 ,SJ 002479
2024-01-31,Mirror/Spion Hino FG/FL/FM LH,73 Motor,87500,1,pcs, TM 203 ,SJ 002479
2024-01-31,Mirror/Spion Fuso FP418 LH - MID,73 Motor,55000,2,pcs, CP 05/CP 04 ,SJ 002479
2024-01-31,Buat Karet Stabil,Kawan Motor,36250,4,pcs, TM 209 ,SJ 002479
2024-01-31,FILTER AIR DRYER,ABADI BINTANG,235000,1,pcs, Tangkil TM 210 ,SJ 002482
2024-01-31,As/Stang Perseneling Granmax,Rizky Motor,350000,1,pcs, Granmax Tangkil N 8084 GG ,SJ 002482
2024-01-31,Fuel Filter FVZ Bawah I8-98092 481-A,ASTRA ISUZU,136500,5,pcs, All TM Giga Tangkil ,SJ 002482
2024-01-31,Fuel Filter FVZ Atas I8-98162 897-A,ASTRA ISUZU,117000,5,pcs, All TM Giga Tangkil ,SJ 002482
2024-01-31,Oil RORED HDA 90,CAHAYA GUNUNG JATI,38000,20,Ltr, Tangkil ,SJ 002482
2024-01-31,"STOP KRAN 1/2"" ONDA",Akbar Jaya,105000,1,pcs, TM 203 ,SJ 002482
2024-01-31,Kran Angin,Cakra Motor,15000,2,pcs, Tangkil ,SJ 002482
2024-01-31,Baut + Mur BHK 8x70 +Wp+WL,Putra Cakra,2100,10,set, Tangkil ,SJ 002482
2024-01-31,"Wiper Blade 18""",Sejati Motor,45000,2,pcs, N 8084 GG Gmax Tangkil ,SJ 002482
2024-01-31,"Wiper Blade 18""",73 Motor,40000,2,pcs, TM 204 ,SJ 002482
2024-01-31,Ban Luar 1100-20 BS/BSN,UJB 979,4200000,1,pcs, B 9319 UIU ,SJ 002481
2024-01-31,Ban Luar 1100-20 BS/BSN,UJB 980,4200000,1,pcs, B 9319 UIU ,SJ 002481
2024-01-31,Ban Dalam 1000-20 BR-9,Berkah Sigma Jaya,265000,2,pcs, B 9319 UIU ,SJ 002481
2024-01-31,Marshet R20 GT,SBM,100000,2,pcs, B 9319 UIU ,SJ 002481
2024-01-31,Bearing 22312/Koyo,Lahar Jaya,885000,1,pcs, Crusher Puntir  ,SJ 002481
2024-01-31,Ban Luar ORI 1100-20 BS/BSN,UJB 932,4200000,1,pcs, TM L 9156 UA ,SJ 002480
2024-01-31,Jasa Vulkanisir Panas Ban 1100-20 BS/MJS,UJB 163,925000,1,pcs, TM L 9156 UA ,SJ 002480
2024-01-31,Marshet R20 GT,SBM,100000,2,pcs, TM L 9156 UA ,SJ 002480
2024-01-31,Ban Dalam 1000-20 BR-9,Berkah Sigma Jaya,265000,2,pcs, TM L 9156 UA ,SJ 002480
2024-01-31,Booster/Master Kopling Bawah 90mm,73 Motor,675000,1,pcs, TM 224 ,SJ 002480
2024-01-31,Baut Roda + Mur BEIBEN,ABADI BINTANG,98000,3,set, Puntir ,SJ 002480
2024-01-31,Kanvas Rem Belakang Beiben,Dari Tangkil,0,8,pcs, Puntir ,SJ 002480
2024-01-31,Akrilik Bening 3mm 130x120,Kas - Rejeki Jaya Akrilik,415896,1,lmbr, WA 01 ,
2024-01-31,Akrilik Bening 5mm 63x100,Kas - Rejeki Jaya Akrilik,270900,1,lmbr, WA 01 ,
