tanggal,deskripsi,nomor_part,harga,qty,satuan,pengguna
2023-10-02,SEAL REM NKR71 40493,73 MOTOR,10000,12,pcs, N 8235 UG 
2023-10-02,Minyak Rem PRESTONE,DOT 3,86250,0.3,pcs, N 8235 UG 
2023-10-02,Air Filter NMR / ASTRA,18-98321 413-A,220000,1,pcs, N 8235 UG 
2023-10-02,FUEL FILTER DMAX I6-98159 693-0,ASTRA ISUZU,75000,1,lsn, N 8235 UG 
2023-10-02,BAUT RODA NKR71 RR-RH (IBK),73 MOTOR,60000,1,pcs, N 8235 UG 
2023-10-02,BAUT RODA NKR71 RR-LH (IBK),73 MOTOR,60000,3,pcs, N 8235 UG 
2023-10-02,Oil Hydraulic MEDITRAN S10W,SAE 10 W,29000,0.5,ltr, N 8235 UG 
2023-10-02,Pir Extra Ory No.1,73 motor,380000,1,pcs, N 8448 UF 
2023-10-02,SUNDUK PIR BLKG CANTER,73 MOTOR,40000,1,pcs, N 8448 UF 
2023-10-02,PIR EXTRA NKR71 NO.1,73 MOTOR,260000,1,pcs, N 8427 BF 
2023-10-02,SUNDUK PIR BLKG CANTER,73 MOTOR,40000,1,pcs, N 8427 BF 
2023-10-02,SEAL REM NKR71 40493,73 MOTOR,10000,4,pcs, N 8303 UH 
2023-10-02,SEAL RODA BELAKANG DALAM NMR71,MAKMUR MOTOR,65000,1,pcs, N 8303 UH 
2023-10-02,Minyak Rem PRESTONE,DOT 3,86250,0.6,pcs, N 8303 UH 
2023-10-02,Oil Filter NKR & NMR/ Astra,16-97247 514-0,94575,1,pcs, N 9614 UH 
2023-10-02,Oil Engine MEDITRAN SX,15W-40,32100,9,ltr, N 9614 UH 
2023-10-02,Ban Luar 7.50-16 BS/BSN,T1202-HNJ0223,2175000,1,set, N 9429 UG 
2023-10-02,Ban Luar 7.50-16 BS/BSN,T8901-HNJ0723,2175000,1,set, N 9429 UG 
2023-10-02,Cross Joint NKR 71,Makmur Motor,285000,1,pcs, N 8428 BF 
2023-10-02,BAUT RODA NKR71 RR-RH (IBK),73 MOTOR,60000,2,pcs, N 8428 BF 
2023-10-02,BIKIN PLAT NOMOR N 9058 UF,*,110000,1,psg, N 9058 UF 
2023-10-02,PIR GAS/ SPRING FUEL INJECTION GOVERNOR NKR71,73 MOTOR,150000,1,pcs, N 9849 UH 
2023-10-03,Oil Filter NKR & NMR/ Astra,16-97247 514-0,94575,1,pcs, N 9433 UG 
2023-10-03,Oil Engine MEDITRAN SX,15W-40,32100,9,ltr, N 9433 UG 
2023-10-03,Fuel Filter NKR & NMR / ASTRA, I8 98037481-A,90675,1,pcs, N 9433 UG 
2023-10-03,Fuel Filter  HINO 23401/PAK MUQ,RM Surabaya,39000,1,pcs, N 9433 UG 
2023-10-03,Terpal 3x5,Akbar Jaya,105000,1,pcs, N 9433 UG 
2023-10-03,Pir Extra Ory No.1,73 motor,380000,1,pcs, N 8303 UH 
2023-10-03,Sunduk Pir BLK NKR 71,73 motor,40000,1,pcs, N 8303 UH 
2023-10-03,STOPPER/TAMPEL PIR BELAKANG NKR71,73 MOTOR,310000,2,pcs, N 8303 UH 
2023-10-03,LAMPU STOP NKR71 LH,73 MOTOR,50000,1,pcs, N 8432 BF 
2023-10-03,LAMPU STOP NKR71 RH,73 MOTOR,50000,1,pcs, N 8432 BF 
2023-10-03,DOP ENGKEL 24V,SEJATI MOTOR,2500,4,pcs, N 8432 BF 
2023-10-03,DOP DOBEL 24V,SEJATI MOTOR,2500,2,pcs, N 8432 BF 
2023-10-03,SEKRING/FUSE MINI,CAKRA MOTOR,2000,4,pcs, N 8432 BF 
2023-10-03,Oil Engine MEDITRAN SX,15W-40,32100,1,ltr, N 8502 UA 
2023-10-03,LAMPU STOP NKR71 LH,73 MOTOR,50000,1,pcs, N 8417 UE 
2023-10-03,LAMPU STOP NKR71 RH,73 MOTOR,50000,1,pcs, N 8417 UE 
2023-10-03,Flasher NKR 71,Makmur Motor,95000,1,pcs, N 8417 UE 
2023-10-03,OIL PERTAMINA SAE 140,RORED HDA 140,40000,6,ltr, N 9491 UH 
2023-10-03,Lem Silicone Kecil,Makmur Motor,12500,1,pcs, N 9491 UH 
2023-10-03,STOPPER / TAMPEL PIR BLKG NKR71,73 MOTOR,310000,2,pcs, N 8430 BF 
2023-10-03,Ban Depan Luar 750-16 BS Ex DT / ASTRA ISUZU,DT 5565-34,1400000,1,set, N 8430 BF 
2023-10-03,V belt A-41 Moulend,Omega Tech,31000,2,pcs, N 8761 UG 
2023-10-03,Oil Engine Meditran S-50,CAHAYA Gunung JATI,32800,0.5,ltr, N 8761 UG 
2023-10-04,Hanger Drop / Rumah Bearing Bandul NKR 71,73 Motor,200000,1,pcs, N 8428 BF 
2023-10-04,Center Bearing NKR / Bandul,73 Motor,250000,1,pcs, N 8428 BF 
2023-10-04,Baut Cross Joint Elf,*,15000,4,pcs, N 8428 BF 
2023-10-04,Oil Engine MEDITRAN SX,15W-40,32100,9,ltr, N 9663 UH 
2023-10-04,Oil Filter NKR & NMR/ Astra,16-97247 514-0,94575,1,pcs, N 9663 UH 
2023-10-04,Fuel Filter NKR & NMR / ASTRA,16-97172549-0,37000,3,pcs, N 9663 UH 
2023-10-04,Air Filter NKR / ASTRA,I7-55500 201 -A,230000,1,pcs, N 9663 UH 
2023-10-04,BAUT RODA NKR71 RR-LH (IBK),73 MOTOR,60000,2,pcs, N 8303 UH 
2023-10-04,Ban Dalam IBK 700/750-16,DIRGAPUTRA EKAPRATAMA,134390,1,pcs, N 9616 UH 
2023-10-04,Pasang Daun Velg,Bambang AS,150000,1,pcs, N 9616 UH 
2023-10-04,Daun Velg L-6 LANTECH,P/N,400000,1,pcs, N 9616 UH 
2023-10-04,Ban Dalam IBK 700/750-16,DIRGAPUTRA EKAPRATAMA,134390,1,pcs, N 8444 UF 
2023-10-04,PINION CROWN WHEEL NMR I6-41210 531-0,ASTRA ISUZU,4192500,1,set, N 9491 UH 
2023-10-04,Ring Satelite Gardan Kecil,Makmur Motor,20000,6,pcs, N 9491 UH 
2023-10-04,Ring Satelite Gardan Besar,Makmur Motor,35000,2,pcs, N 9491 UH 
2023-10-04,BEARING GARDAN 30309 DJR KOYO,LAHAR JAYA,185000,1,pcs, N 9491 UH 
2023-10-04,Bearing Gardan 30310J,Lahar jaya,185000,1,pcs, N 9491 UH 
2023-10-04,SPACER COLLAR PINION Gardan NMR 1-41219004-0,73 Motor,160000,1,pcs, N 9491 UH 
2023-10-04,Seal Pinion/MOB gardan  / PM SBY,8-97047609-0,45000,1,pcs, N 9491 UH 
2023-10-04,Bearing Pinion NMR /JUB,1-098110062-1/J 30,290000,1,pcs, N 9491 UH 
2023-10-04,BEARING GARDAN 3984/20 KOYO,LAHAR JAYA,185000,2,pcs, N 9491 UH 
2023-10-04,LAMPU STOP NKR71 LH,73 MOTOR,50000,1,pcs, N 8417 UE 
2023-10-04,LAMPU STOP NKR71 RH,73 MOTOR,50000,1,pcs, N 8417 UE 
2023-10-04,DOP ENGKEL 24V,SEJATI MOTOR,2500,2,pcs, N 8417 UE 
2023-10-04,DOP DOBEL 24V,SEJATI MOTOR,2500,1,pcs, N 8417 UE 
2023-10-04,Ban Vulkanisir Jadi DGN 7.50-16 / MJS,1822210,1050000,1,pcs, N 8417 UE 
2023-10-04,Ban Vulkanisir Jadi DGN 7.50-16 / MJS,129310,1050000,1,pcs, N 8417 UE 
2023-10-04,Ban Dalam IBK 700/750-16,DIRGAPUTRA EKAPRATAMA,134390,1,pcs, N 8417 UE 
2023-10-04,Marshet IBK R16 Besi,DIRGAPUTRA EKAPRATAMA,38724,1,pcs, N 8417 UE 
2023-10-04,Ban Vulkanisir Jadi DGN 7.50-16 / MJS,324106,1050000,1,pcs, N 9613 UH 
2023-10-04,Ban Vulkanisir Jadi DGN 7.50-16 / MJS,1722207,1050000,1,pcs, N 9613 UH 
2023-10-04,Ban Dalam IBK 700/750-16,DIRGAPUTRA EKAPRATAMA,134390,2,pcs, N 9613 UH 
2023-10-04,Marshet IBK R16 Besi,DIRGAPUTRA EKAPRATAMA,38724,2,pcs, N 9613 UH 
2023-10-04,Ban 1100 GT / EX Mixer Hino Baru,UJB 720,4250000,1,set,N 8076 UF
2023-10-04,Service Dongkrak 32 TON Silver,Bengkel ANDALAN,218000,1,pcs, N 9613 UH 
2023-10-04,Bensin Ecer ,Kas ,12000,2,ltr, N 9491 UH 
2023-10-04,Ban Luar 7.50-16 BS/BSN,T1202-HNJ0223,2175000,1,set, N 9204 UF 
2023-10-04,Ban Luar 7.50-16 BS/BSN,T8901-HNJ0723,2175000,1,set, N 9204 UF 
2023-10-04,Ban Luar 7.50-16 BS/BSN,T8902-HNJ0723,2175000,1,set, N 9204 UF 
2023-10-04,Ban Luar 7.50-16 BS/BSN,T8902-HNJ0423,2175000,1,set, N 9204 UF 
2023-10-05,Oil Engine MEDITRAN SX,15W-40,32100,3,ltr, N 8417 UE 
2023-10-05,Pasang Daun Velg,Bambang AS,150000,1,pcs, N 8432 BF 
2023-10-05,Daun Velg L6-12mm Mercy,SBM/Potong 175.000,305000,1,pcs, N 8432 BF 
2023-10-05,Pasang Daun Velg,Bambang AS,150000,1,pcs, N 8624 UG 
2023-10-05,Daun Velg L6-12mm Mercy,SBM/Potong 175.000,305000,1,pcs, N 8624 UG 
2023-10-06,MASTER KOPLING Atas /BOOSTER CLUTCH 90mm,73 MOTOR,660000,1,pcs, N 8417 UE 
2023-10-06,Minyak Rem PRESTONE / ARNEX,DOT 3,75000,0.3,ltr, N 8417 UE 
2023-10-06,Daun Velg L-5/12mm  NKR 66,73 Motor,390000,1,pcs, N 8105 UB 
2023-10-06,Bongkar Pasang Velg ,Bengkel Triyeny,60000,1,pcs, N 8105 UB 
2023-10-06,Kawat Las RB 4.0 mm,Untuk Las Velg,1565,11,pcs, N 8105 UB 
2023-10-06,Oil Engine MEDITRAN SX,15W-40,32100,3,ltr, N 8515 UH 
2023-10-06,Ban Vulkanisir Jadi DGN 7.50-16 / MJS,1422219,1050000,1,pcs,N 9489 UH
2023-10-06,Ban Dalam IBK 700/750-16,DIRGAPUTRA EKAPRATAMA,134390,1,pcs,N 9489 UH
2023-10-06,Marshet IBK R16 Besi,DIRGAPUTRA EKAPRATAMA,38724,1,pcs,N 9489 UH
2023-10-06,Ban Jasa Vulkansir Panas 750-16 / BSJ,1020320,500000,1,pcs, N 8105 UB 
2023-10-06,Ban Dalam IBK 700/750-16,DIRGAPUTRA EKAPRATAMA,134390,1,pcs, N 8105 UB 
2023-10-06,Marshet IBK R16 Besi,DIRGAPUTRA EKAPRATAMA,38724,1,pcs, N 8105 UB 
2023-10-06,Service Dinamo Stater NKR 71,BJL Service,500000,1,pcs, N 8502 UA 
2023-10-07,Oil Engine MEDITRAN SX,15W-40,32100,9,ltr, N 8432 BF 
2023-10-07,Oil Filter NKR & NMR/ Astra,16-97247 514-0,34575,1,pcs, N 8432 BF 
2023-10-07,BAUT RODA NKR71 RR-LH (IBK),73 MOTOR,60000,2,pcs, N 9429 UG 
2023-10-07,SEAL REM NKR71 40493,73 MOTOR,10000,4,pcs, N 9429 UG 
2023-10-07,Oil Engine MEDITRAN SX PLUS ( 200 L ),Cahaya Gunung Jati,33750,11.5,ltr, N 8235 UG 
2023-10-07,Oil Filter NKR & NMR/ Astra,16-97247 514-0,94575,1,pcs, N 8235 UG 
2023-10-07,Velg repair L6-12mm,TRIYENNY JAYA,60000,2,pcs, N 8235 UG 
2023-10-07,DAUN VELG CANTER L6 12mm / Mercy,SBM,340000,2,pcs, N 8235 UG 
2023-10-07,Kawat Las RB 4.0 mm,Untuk Las Velg,1565,22,pcs, N 8235 UG 
2023-10-07,Oil Engine MEDITRAN SX PLUS ( 200 L ),Cahaya Gunung Jati,33750,11.5,ltr,N 8271 UF
2023-10-07,Oil Filter NKR & NMR/ Astra,16-97247 514-0,94575,1,pcs,N 8271 UF
2023-10-07,FUEL FILTER DMAX I6-98159 693-0,ASTRA ISUZU,75000,1,pcs,N 8271 UF
2023-10-07,Fuel Filter NKR & NMR / ASTRA, I8 98037481-A,90675,1,pcs,N 8271 UF
2023-10-07,Velg repair L6-12mm / Pindah Daun,TRIYENNY JAYA,0,1,pcs,N 8271 UF
2023-10-07,Kawat Las RB 4.0 mm,Untuk Las Velg,1565,22,pcs,N 8271 UF
2023-10-07,BAUT RODA NKR71 RR-LH (IBK),73 MOTOR,60000,1,pcs, N 9566 UG 
2023-10-07,BAUT RODA NKR71 RR-RH (IBK),73 MOTOR,60000,1,pcs, N 9566 UG 
2023-10-07,Ban Depan Luar 750-16 BS Ex DT / ASTRA ISUZU,DT 5565-18 / DJ 0723,1400000,1,set, N 9490 UH 
2023-10-07,BAUT RODA NKR71 RR-LH (IBK),73 MOTOR,60000,2,pcs, N 8333 UF 
2023-10-09,BAUT RODA NKR71 RR-LH (IBK),73 MOTOR,60000,1,pcs, N 8235 UG 
2023-10-09,GANTI NOZZLE ,BENGKEL GANESHA,425000,4,pcs, N 9490 UH 
2023-10-09,GANTI NOZZLE ,Kas - BENGKEL GANESHA,425000,4,pcs, N 9490 UH 
2023-10-10,Oil Engine MEDITRAN SX,15W-40,32100,5,ltr, N 8515 UH 
2023-10-10,Oil Engine MEDITRAN SX,15W-40,32100,1,ltr, N 8271 UE 
2023-10-10,Service REK END,TRI STAR,135000,2,pcs, N 9490 UH 
2023-10-10,King Pin KIT NKR 71 ISUZU,73 Motor,500000,1,set, N 9490 UH 
2023-10-10,STOPPER PIR DEPAN NKR/NMR,73 Motor,85000,1,pcs, N 9490 UH 
2023-10-10,Bearing Roda Depan Luar / JUB,32207 J KOYO,77000,1,pcs, N 9490 UH 
2023-10-10,BEARING RODA DEPAN DALAM NKR71 32210JR,73 MOTOR,150000,1,pcs, N 9490 UH 
2023-10-10,PIR EXTRA NMR NO.1,73 MOTOR,380000,1,pcs, N 8428 BF 
2023-10-10,SUNDUK PIR BLKG CANTER,73 MOTOR,40000,1,pcs, N 8428 BF 
2023-10-10,BAUT RODA DEPAN KIRI IBK NKR71,73 MOTOR,55000,2,pcs, N 8428 BF 
2023-10-10,Pajak STNK + JR ,Kas ,2240000,1,unit, N 8303 UH  
2023-10-10,Pajak STNK + JR ,Kas ,2240000,1,unit, N 8308 UH  
2023-10-10,Pajak STNK + JR ,Kas ,2240000,1,unit, N 8309 UH  
2023-10-10,Pajak STNK + JR ,Kas ,2240000,1,unit, N 8310 UH  
2023-10-10,Pajak STNK + JR ,Kas ,2240000,1,unit, N 8299 UH  
2023-10-11,Oil Engine MEDITRAN SX,15W-40,32100,9,ltr, N 9435 UG 
2023-10-11,Oil Filter NKR & NMR/ Astra,16-97247 514-0,94575,1,pcs, N 9435 UG 
2023-10-11,SEAL REM NKR71 40493,73 MOTOR,10000,4,pcs, N 8427 BF 
2023-10-11,SEAL DEBU CANTER/NKR71,73 MOTOR,4000,4,pcs, N 8427 BF 
2023-10-11,Minyak Rem PRESTONE / ARNEX,DOT 3,75000,0.6,ltr, N 8427 BF 
2023-10-11,SKUN ACCU,73 MOTOR,7500,2,pcs, N 8427 BF 
2023-10-11,PASANG DAUN VELG R16 2 JADI 1,BAMBANG AS,250000,1,pcs, N 8333 UF 
2023-10-11,Ban Luar Duraturn Y601 750/16 / DGP,306 101 6560,1697655,1,pcs, N 8381 GF 
2023-10-11,Ban Luar Duraturn Y601 750/16 / DGP,306 300 9259,1697655,1,pcs, N 8381 GF 
2023-10-11,Ban Dalam IBK 700/750-16,DIRGAPUTRA EKAPRATAMA,134390,2,pcs, N 8381 GF 
2023-10-11,Marshet IBK R16 Besi,DIRGAPUTRA EKAPRATAMA,38724,2,pcs, N 8381 GF 
2023-10-12,Oil Engine MEDITRAN SX,15W-40,32100,9,ltr, N 9446 UG 
2023-10-12,Oil Filter NKR & NMR/ Astra,16-97247 514-0,94575,1,pcs, N 9446 UG 
2023-10-12,Fuel Filter NKR & NMR / ASTRA,16-97172549-0,37000,1,pcs, N 9446 UG 
2023-10-12,Fuel Filter NKR & NMR / ASTRA, I8 98037481-A,90675,1,pcs, N 9446 UG 
2023-10-12,Baut Roda NKR 71 RR-RH,Makmur Motor,65000,1,pcs, N 9446 UG 
2023-10-12,Pasang Daun Velg,Bambang AS,150000,1,pcs, N 9446 UG 
2023-10-12,DAUN VELG CANTER L6 12mm,SBM,340000,1,pcs, N 9446 UG 
2023-10-12,KLAKSON 24V DENSO,73 MOTOR,150000,0.5,set, N 8761 UG 
2023-10-12,Oil Engine MEDITRAN SX,15W-40,32100,1.5,ltr, N 8761 UG 
2023-10-12,Clamp Accu,73 motor,30000,1,set, N 9663 UH 
2023-10-12,Minyak Rem PRESTONE / ARNEX,DOT 3,75000,0.3,ltr, N 9663 UH 
2023-10-12,BAN LUAR 825-16 SWL HD/BJ,3915310,1700000,1,pcs, N 8761 UG 
2023-10-12,BAN LUAR 825-16 SWL HD/BJ,4016308,1700000,1,pcs, N 8761 UG 
2023-10-12,BAN DALAM 750/825-16 GT,BAN JAYA,215000,2,pcs, N 8761 UG 
2023-10-12,MARSHET R16 SWL,BAN JAYA,50000,2,pcs, N 8761 UG 
2023-10-12,BAUT RODA NKR71 RR-LH (IBK),73 MOTOR,60000,1,pcs, N 9456 UG 
2023-10-12,Oil Engine MEDITRAN SX,15W-40,32100,3,ltr, N 8515 UH 
2023-10-12,Oil Hydraulic MEDITRAN S10W,SAE 10 W,29000,0.5,ltr, N 8515 UH 
2023-10-12,OIL PERTAMINA SAE 140,RORED HDA 140,40000,2,pcs, N 8430 BF 
2023-10-13,Oil Engine MEDITRAN SX,15W-40,32100,4.5,ltr, N 8515 UH 
2023-10-13,OIL PERTAMINA SAE 140,RORED HDA 140,40000,1,pcs, N 8502 UA 
2023-10-13,Minyak Rem PRESTONE / ARNEX,DOT 3,75000,0.3,ltr, N 8502 UA 
2023-10-14,Service Dongkrak 32 TON Merah,Bengkel ANDALAN,224000,1,pcs, DT UJB Nur Sohib 
2023-10-14,Ban Luar Duraturn Y601 750/16 / DGP,306 103 2332,1697655,1,pcs, N 8430 BF 
2023-10-14,Ban Luar Duraturn Y601 750/16 / DGP,306 300 9238,1697655,1,pcs, N 8430 BF 
2023-10-14,Ban Dalam IBK 700/750-16,DIRGAPUTRA EKAPRATAMA,134390,2,pcs, N 8430 BF 
2023-10-14,Marshet IBK R16 Besi,DIRGAPUTRA EKAPRATAMA,38724,2,pcs, N 8430 BF 
2023-10-14,Velg Baru L6 - 12 mm Mercy - UJB,SBM,800000,1,pcs, N 8448 UF 
2023-10-14,Ring Velg R-20,Anugerah,250000,1,pcs, N 8198 UH 
2023-10-14,Oil Engine MEDITRAN SX,15W-40,32100,9,ltr, N 8427 BF 
2023-10-14,Oil Filter NKR & NMR/ Astra,16-97247 514-0,94575,1,pcs, N 8427 BF 
2023-10-14,Pir Extra No 2 / DIRGA,IZ 115H/02,225068,1,pcs, N 8427 BF 
2023-10-14,Oil Engine MEDITRAN SX,15W-40,32100,9,ltr, N 9429 UG 
2023-10-14,Oil Filter NKR & NMR/ Astra,16-97247 514-0,94575,1,pcs, N 9429 UG 
2023-10-14,Velg repair L6-12mm,TRIYENNY JAYA,60000,1,pcs, N 8444 UF 
2023-10-14,DAUN VELG CANTER L6 12mm / Mercy,SBM,340000,1,pcs, N 8444 UF 
2023-10-14,Kawat Las RB 4.0 mm,Untuk Las Velg,1565,11,pcs, N 8444 UF 
2023-10-14,TERPAL 3x4 A5,SUMBER BARU,90000,1,pcs, N 8444 UF 
2023-10-14,Velg repair L6-12mm - UJB,TRIYENNY JAYA,60000,1,pcs, N 8430 BF 
2023-10-14,DAUN VELG CANTER L6 12mm / Mercy,SBM,340000,1,pcs, N 8430 BF 
2023-10-14,Kawat Las RB 4.0 mm,Untuk Las Velg,1565,11,pcs, N 8430 BF 
2023-10-14,Oil Engine MEDITRAN SX,15W-40,32100,9,ltr, N 8430 BF 
2023-10-14,Oil Filter NKR & NMR/ Astra,16-97247 514-0,94575,1,pcs, N 8430 BF 
2023-10-14,Fuel Filter  HINO 23401/PAK MUQ,RM Surabaya,39000,1,pcs, N 8430 BF 
2023-10-14,Fuel Filter NKR & NMR / ASTRA, I8 98037481-A,90675,1,pcs, N 8430 BF 
2023-10-14,BAUT RODA JUMBO UNIVERSAL RR-LH/ BK,DARI PAK MUQ,70000,1,pcs, N 8430 BF 
2023-10-14,BAUT RODA NKR71 RR-LH (IBK),73 MOTOR,60000,2,pcs, N 8430 BF 
2023-10-14,SEAL RODA BELAKANG DALAM NMR71,MAKMUR MOTOR,65000,1,pcs, N 8430 BF 
2023-10-14,SEAL REM NKR71 40493,73 MOTOR,10000,2,pcs, N 8430 BF 
2023-10-14,SEAL DEBU CANTER/NKR71,73 MOTOR,4000,2,pcs, N 8430 BF 
2023-10-14,Minyak Rem PRESTONE / ARNEX,DOT 3,75000,0.3,ltr, N 8430 BF 
2023-10-14,UM Storing ke Puntir ,Kas ,15000,3,org, N 8477 UG 
2023-10-14,UM Storing ke Puntir ,Kas ,15000,3,pcs, N 9491 UH 
2023-10-14,Rumah Nap NKR 66 / L - 5,73 Motor,775000,1,pcs, N 8477 UG 
2023-10-14,Baut Stud nap/ASTRA,8-97359803-0,28000,8,pcs, N 8477 UG 
2023-10-14,Mur Nap/ASTRA,17-05110 010-A,10000,8,pcs, N 8477 UG 
2023-10-14,Washer Nap/ASTRA,8-97360004-0,29000,8,pcs, N 8477 UG 
2023-10-14,Bearing Roda Belakang Dalam NKR / JUB,29586 YA/22YA,202500,1,pcs, N 8477 UG 
2023-10-14,Bearing Roda Belakang Luar / JUB,28680/22 KOYO,186000,1,pcs, N 8477 UG 
2023-10-14,Seal Roda blk Luar NKR & NMR - RM,8 - 94336-317-1,31500,1,pcs, N 8477 UG 
2023-10-14,Seal Roda Belakang Dalam NKR - RM,8-94336-316-0,37500,1,pcs, N 8477 UG 
2023-10-14,Baut Roda NKR 66 RR-RH,73 Motor,55000,5,pcs, N 8477 UG 
2023-10-14,AS RODA NKR71,73 MOTOR,1200000,1,pcs, N 8477 UG 
2023-10-14,RING BAGONG NKR71,73 MOTOR,25000,1,pcs, N 8477 UG 
2023-10-14,MUR BAGONG NKR71,73 MOTOR,85000,1,pcs, N 8477 UG 
2023-10-14,Lem Silicone Hitam,Makmur Motor,12500,1,pcs, N 8477 UG 
2023-10-14,OIL PERTAMINA SAE 140,RORED HDA 140,40000,6,ltr, N 8477 UG 
2023-10-14,GARDAN set NMR,*,0,1,set, N 9491 UH 
2023-10-16,Oil Engine MEDITRAN SX PLUS ( 200 L ),Cahaya Gunung Jati,33750,11.5,ltr, N 8448 UF 
2023-10-16,Oil Filter NKR & NMR/ Astra,16-97247 514-0,94575,1,pcs, N 8448 UF 
2023-10-16,Fuel Filter NKR & NMR / ASTRA, I8 98037481-A,93000,1,pcs, N 8448 UF 
2023-10-16,FUEL FILTER DMAX I6-98159 693-0,ASTRA ISUZU,75000,1,pcs, N 8448 UF 
2023-10-16,MASTER KOPLING BAWAH NKR71,73 Motor,185000,1,set, N 8303 UH 
2023-10-16,Oil Engine MEDITRAN SX,15W-40,32100,9,ltr, N 8428 BF 
2023-10-16,Oil Filter NKR & NMR/ Astra,16-97247 514-0,94575,1,pcs, N 8428 BF 
2023-10-16,Fuel Filter  HINO 23401/PAK MUQ,RM Surabaya,39000,1,pcs, N 8428 BF 
2023-10-16,Fuel Filter NKR & NMR / ASTRA, I8 98037481-A,90675,1,pcs, N 8428 BF 
2023-10-16,Bearing Roda Belakang Dalam NMR/JUB,30213 JR / KOYO,188000,1,pcs, N 8428 BF 
2023-10-16,Bearing Roda Belakang Luar / JUB,28680/22 KOYO,186000,1,pcs, N 8428 BF 
2023-10-16,Seal Roda Belakang Dalam NMR  - 73 Motor,8 - 97122937 - 0,100000,1,pcs, N 8428 BF 
2023-10-16,V belt A-41 Moulend,Omega Tech,31000,2,pcs, N 8428 BF 
2023-10-16,Ban Luar Duraturn Y601 750/16 / DGP,305 101 5585,1697655,1,pcs, N 8428 BF 
2023-10-16,Ban Luar Duraturn Y601 750/16 / DGP,306 200 6831,1697655,1,pcs, N 8428 BF 
2023-10-16,Ban Dalam IBK 700/750-16,DIRGAPUTRA EKAPRATAMA,134390,3,pcs, N 8428 BF 
2023-10-16,Marshet IBK R16 Besi,DIRGAPUTRA EKAPRATAMA,38724,2,pcs, N 8428 BF 
2023-10-16,Velg Repair Pindah Daun L6-12mm,Triyenni,60000,1,pcs, N 8428 BF 
2023-10-16,Pir Extra No 1 / DIRGA,IZ0075-H01,258042,1,pcs, N 9429 UG 
2023-10-16,PINION CROWN WHEEL NMR I6-41210 531-0,ASTRA ISUZU,4192500,1,set, N 9491 UH 
2023-10-16,Seal Pinion/MOB gardan  / PM SBY,8-97047609-0,45000,1,pcs, N 9491 UH 
2023-10-16,Oil Engine MEDITRAN SX,15W-40,32100,3,ltr, N 8515 UH 
2023-10-16,Oil Engine MEDITRAN SX,15W-40,32100,1.5,ltr, N 8502 UA 
2023-10-16,Bensin Ecer Cuci Gardan ,Kas,12000,2,ltr, N 9491 UH  
2023-10-17,Oil Engine MEDITRAN SX,15W-40,29200,9,ltr, N 9210 UF 
2023-10-17,Oil Filter NKR & NMR/ Astra,16-97247 514-0,94575,1,pcs, N 9210 UF 
2023-10-17,Pir Extra Ory No.5,73 motor,210000,1,pcs, N 9210 UF 
2023-10-17,SPACER COLLAR PINION Gardan NMR 1-41219004-0,73 MOTOR,160000,1,pcs, N 9491 UH 
2023-10-17,PLAT KANCING GARDAN NMR71,73 MOTOR,30000,1,pcs, N 9491 UH 
2023-10-17,GEARBOX / WORM STEERING NKR 71,73 MOTOR,3750000,1,pcs, N 9058 UF 
2023-10-17,PACK KNALPOT NKR BULAT,73 MOTOR,17500,1,pcs, N 9058 UF 
2023-10-17,Oil Hydraulic MEDITRAN S10W,SAE 10 W,29000,1,ltr, N 9058 UF 
2023-10-17,BAUT RODA NKR71 RR-LH (IBK),73 MOTOR,60000,2,pcs, N 8310 UH 
2023-10-17,GEARBOX / WORM STEERING NMR 71,73 MOTOR,4750000,1,pcs, N 8429 BF 
2023-10-17,BBM Storing ke Blitar ,Kas ,50000,,pcs, N 8429 BF 
2023-10-17,Retribusi masuk ngreco + Lahor ,Kas ,6000,1,x, N 8429 BF 
2023-10-17,UM Storing ke Blitar ,Kas ,15000,3,org, N 8429 BF 
2023-10-18,FUEL FILTER DMAX I6-98159 693-0,ASTRA ISUZU,75000,1,pcs, N 9613 UH 
2023-10-18,FUEL FILTER DMAX I6-98159 693-0,ASTRA ISUZU,75000,1,pcs, N 9683 UH 
2023-10-18,Ban Luar 825-16 SWL / SBM,Baru 04501211,1725000,1,pcs, N 8624 UG 
2023-10-18,Ban Luar 825-16 SWL / SBM,Baru 04501215,1725000,1,pcs, N 8624 UG 
2023-10-18,Ban dalam 750-16 SWL,SBM,175000,2,pcs, N 8624 UG 
2023-10-18,Marshet GT R-16,SBM,50000,2,pcs, N 8624 UG 
2023-10-18,Service REK End,Tri Star,135000,2,pcs, N 8502 UA 
2023-10-18,King Pin KIT NKR 71 ISUZU,73 Motor,500000,0.5,set, N 8502 UA 
2023-10-18,Oring V-Ton,Virgo Motor,15000,2,pcs, N 8502 UA 
2023-10-18,Seal Vay 40x50x4,Virgo Motor,45000,1,pcs, N 8502 UA 
2023-10-18,Seal TC 40x50x5,Virgo Motor,45000,1,pcs, N 8502 UA 
2023-10-18,Seal Tc 40x50x7,Virgo Motor,40000,1,pcs, N 8502 UA 
2023-10-18,Fuel Filter  HINO 23401/PAK MUQ,RM Surabaya,39000,1,pcs, N 8502 UA 
2023-10-18,Fuel Filter NKR & NMR / ASTRA,16-97172549-0,37000,2,pcs, N 8502 UA 
2023-10-18,Bearing Roda Depan Dalam / JUB,32210 J KOYO,121000,1,pcs, N 8502 UA 
2023-10-18,Bearing Roda Depan Luar / JUB,32207 J KOYO,77000,1,pcs, N 8502 UA 
2023-10-18,SEAL RODA DEPAN NKR71,73 MOTOR,47500,1,pcs, N 8502 UA 
2023-10-18,Oil Hydraulic MEDITRAN S10W,SAE 10 W,29000,1.5,ltr, N 9849 UH 
2023-10-18,Oil Engine MEDITRAN SX,15W-40,29200,1.5,ltr, N 9849 UH 
2023-10-18,Oil Engine MEDITRAN SX,15W-40,29200,3,ltr, N 8515 UH 
2023-10-18,Velg repair L6-12 mm / Model Mercy / UJB,Triyenny,60000,1,pcs, N 9210 UF 
2023-10-18,Kawat Las RB 4.0 mm,Las Velg,1565,11,pcs, N 9210 UF 
2023-10-18,Daun Velg L6-12mm Mercy,SBM,350000,1,pcs, N 9210 UF 
2023-10-18,Ban Dalam IBK 700/750-16,DIRGAPUTRA EKAPRATAMA,134390,1,pcs, N 9210 UF 
2023-10-18,Marshet IBK R16 Besi,DIRGAPUTRA EKAPRATAMA,38724,1,pcs, N 9210 UF 
2023-10-18,Velg repair L6-12 mm / Model Mercy / UJB,Triyenny,60000,1,pcs, N 8430 BF 
2023-10-18,Kawat Las RB 4.0 mm,Las Velg,1565,11,pcs, N 8430 BF 
2023-10-18,Daun Velg L6-12mm Mercy,SBM,350000,1,pcs, N 8430 BF 
2023-10-18,Bensin Ecer Cuci Borem Stir ,Kas,12000,2,ltr, N 8502 UA 
2023-10-19,FUSE / SEKRING 10A,73 MOTOR,3500,4,pcs, N 9058 UF 
2023-10-19,BAUT RODA NKR71 RR-RH (IBK),73 MOTOR,60000,2,pcs, N 8430 BF 
2023-10-19,Oil hydraulic TuraliK 69,CAHAYA GUNUNG JATI,31000,1.5,ltr, N 9566 UG 
2023-10-19,Oil Engine MEDITRAN SX,15W-40,29200,9,ltr, N 9566 UG 
2023-10-19,Oil Filter NKR & NMR/ Astra,16-97247 514-0,94575,1,pcs, N 9566 UG 
2023-10-19,kawat Las RB 4.0 mm, * ,1650,20,pcs, N 8477 UG 
2023-10-19,"Gerinda Selep  NR 4""",Prima Sekar,11000,1,pcs, N 8477 UG 
2023-10-19,Seal Rem SC 40493 R,73 Motor,10000,8,pcs, N 9492 UH 
2023-10-19,SEAL DEBU CANTER/NKR71,73 MOTOR,4000,8,pcs, N 9492 UH 
2023-10-19,Minyak Rem PRESTONE / ARNEX,DOT 3,75000,0.9,ltr, N 9492 UH 
2023-10-19,OIL PERTAMINA SAE 140,RORED HDA 140,40000,6,ltr, N 9492 UH 
2023-10-19,Bearing Roda Belakang Dalam NMR/JUB,30213 JR / KOYO,162500,1,pcs, N 9492 UH 
2023-10-19,Bearing Roda Belakang Luar / JUB,28680/22 KOYO,176750,1,pcs, N 9492 UH 
2023-10-19,SEAL RODA BELAKANG DALAM NMR71,MAKMUR MOTOR,65000,1,pcs, N 9492 UH 
2023-10-19,Seal Roda blk Luar NKR & NMR - RM,8 - 94336-317-1,31500,1,pcs, N 9492 UH 
2023-10-19,Lem Silicone Hitam,Makmur Motor,12500,1,pcs, N 9492 UH 
2023-10-19,MUR BAGONG NKR71,73 MOTOR,85000,1,pcs, N 9492 UH 
2023-10-19,RING BAGONG NKR71,73 MOTOR,25000,1,pcs, N 9492 UH 
2023-10-19,BBM Traga Storing ke Kepanjen ,Kas ,100000,,pcs, N 9492 UH 
2023-10-19,"UM Storing P. hadi, rudi, Edi",Kas ,15000,3,org, N 9492 UH 
2023-10-19,Ban 1100 GT / EX Mixer Hino Baru,UJB 728 KM 72497,4250000,1,set, N 8198 UH 
2023-10-19,Ban 1100 GT / EX Mixer Hino Baru,UJB 729 KM 72497,4250000,1,set, N 8198 UH 
2023-10-20,kawat Las RB 4.0 mm, * ,1650,30,pcs, N 8477 UG 
2023-10-20,Center Bearing NKR 71 ORI,Makmur Motor,350000,1,pcs, N 8428 BF 
2023-10-20,Bongkar Pasang Roda,Bambang AS,75000,1,pcs, N 8428 BF 
2023-10-20,Pas KIP Tromol,Bambang AS,175000,1,pcs, N 8428 BF 
2023-10-20,Flasher NMR 71 24 V / 73 Motor,18-98025553-A,260000,1,pcs, N 9490 UH 
2023-10-20,Pir Extra No 1 / DIRGA,IZ0075-H01,258042,1,pcs, N 8310 UH 
2023-10-20,KAWEL PIR 35 CM,SUMBER BARU MOTOR,45000,1,pcs, N 8310 UH 
2023-10-20,SUNDUK PIR BLKG CANTER,73 MOTOR,40000,1,pcs, N 8310 UH 
2023-10-20,Ban Luar Duraturn Y601 750/16 / DGP,306 200 1981 KM 265068,1697655,1,pcs, N 9433 UG 
2023-10-20,Ban Luar Duraturn Y601 750/16 / DGP,305 300 6841 KM 265068,1697655,1,pcs, N 9433 UG 
2023-10-20,Ban Luar Duraturn Y601 750/16 / DGP,306 200 6833 KM 265068,1697655,1,pcs, N 9433 UG 
2023-10-20,Ban Luar Duraturn Y601 750/16 / DGP,306 200 2042 KM 265068,1697655,1,pcs, N 9433 UG 
2023-10-20,Ban Dalam IBK 700/750-16,DIRGAPUTRA EKAPRATAMA,134390,4,pcs, N 9433 UG 
2023-10-20,Marshet IBK R16 Besi,DIRGAPUTRA EKAPRATAMA,38724,4,pcs, N 9433 UG 
2023-10-20,Ban Depan Luar 750-16 BS Ex DT / ASTRA ISUZU,DHO 5565-70/DJ0723 KM 297509,1400000,1,set, N 9429 UG 
2023-10-20,Seal Rem SC 40493 R,73 Motor,10000,8,pcs, N 8624 UG 
2023-10-20,SEAL DEBU CANTER/NKR71,73 MOTOR,4000,8,pcs, N 8624 UG 
2023-10-20,BAUT RODA NKR71 RR-LH (IBK),73 MOTOR,60000,1,pcs, N 8624 UG 
2023-10-20,Minyak Rem PRESTONE / ARNEX,DOT 3,75000,0.3,ltr, N 8624 UG 
2023-10-20,Kunci Roda NKR 71 41x21,73 Motor,315000,1,pcs, N 9058 UF 
2023-10-20,Terpal 3x5 Lumba-lumba,Prima Sekar,97500,1,pcs, N 9058 UF 
2023-10-21,Baut Roda NKR 71 RR-RH,Makmur Motor,65000,1,pcs, N 9456 UG 
2023-10-21,Seal Rem SC 40493 R,73 Motor,10000,4,pcs, N 9456 UG 
2023-10-21,TABUNG SKEP PS100,73 MOTOR,175000,1,pcs, N 9456 UG 
2023-10-21,Minyak Rem PRESTONE / ARNEX,DOT 3,75000,0.6,ltr, N 9456 UG 
2023-10-21,Seal Rem SC 40493 R,73 Motor,10000,12,pcs, N 9566 UG 
2023-10-21,SEAL DEBU CANTER/NKR71,73 MOTOR,4000,4,pcs, N 9566 UG 
2023-10-21,Minyak Rem PRESTONE / ARNEX,DOT 3,75000,0.3,pcs, N 9566 UG 
2023-10-21,SEAL RODA BELAKANG DALAM NMR71,MAKMUR MOTOR,65000,1,pcs, N 9566 UG 
2023-10-21,Bearing Roda Belakang Dalam NMR/JUB,30213 JR / KOYO,162500,2,pcs, N 9566 UG 
2023-10-21,Bearing Roda Belakang Luar / JUB,28680/22 KOYO,176750,1,pcs, N 9566 UG 
2023-10-21,Baut Roda NKR 71 RR-RH,Makmur Motor,65000,1,pcs, N 9566 UG 
2023-10-21,Baut Roda NKR 71 RR-LH,73 Motor,60000,1,pcs, N 9566 UG 
2023-10-21,Seal Rem SC 40493 R,73 Motor,10000,3,pcs, N 8333 UF 
2023-10-21,Seal Rem 40493,Makmur Motor,11000,1,pcs, N 8333 UF 
2023-10-21,Oil Engine MEDITRAN SX PLUS ( 200 L ),Cahaya Gunung Jati,33750,11.5,ltr, N 8333 UF 
2023-10-21,Oil Filter NKR & NMR/ Astra,16-97247 514-0,94575,1,pcs, N 8333 UF 
2023-10-21,Fuel Filter NKR & NMR / ASTRA, I8 98037481-A,93000,1,pcs, N 8333 UF 
2023-10-21,FUEL FILTER DMAX I6-98159 693-0,ASTRA ISUZU,75000,1,pcs, N 8333 UF 
2023-10-21,Oil Engine MEDITRAN SX,15W-40,29200,1.5,ltr, N 9058 UF 
2023-10-21,Oil hydraulic TuraliK 69,CAHAYA GUNUNG JATI,27000,2,ltr, N 9613 UH 
2023-10-21,Bulbs H4 24V,Sejati Motor,42500,1,pcs, N 9614 UH 
2023-10-21,Velg repair L6-12mm - UJB,TRIYENNY JAYA,60000,1,pcs, N 8430 BF 
2023-10-21,Kawat Las RB 4.0 mm,Untuk Las Velg,1565,11,pcs, N 8430 BF 
2023-10-21,Daun Velg L6-12mm Mercy,SBM,350000,1,pcs, N 8430 BF 
2023-10-21,Velg repair L6-12mm - UJB,TRIYENNY JAYA,60000,1,pcs, N 9490 UH 
2023-10-21,Kawat Las RB 4.0 mm,Untuk Las Velg,1565,11,pcs, N 9490 UH 
2023-10-21,Daun Velg L6-12mm Mercy,SBM,350000,1,pcs, N 9490 UH 
2023-10-21,Baut Roda NKR 71 RR-LH,73 Motor,60000,1,pcs, N 9490 UH 
2023-10-21,SAMBUNG SENTER PUCUK BLOMBONG KIRI KANAN,BAMBANG AS,1000000,1,pcs, N 9492 UH 
2023-10-21,SPINDLE/END TUBE NMR,ASTRA ISUZU,1300000,4,pcs, N 9492 UH 
2023-10-21,Ban Luar 7.50-16 BS/BSN,H1102-HNJ4822,2175000,1,set, N 9490 UH 
2023-10-21,Ban Luar 7.50-16 BS/BSN,T1201/HNJ4922,2175000,1,set, N 9490 UH 
2023-10-23,Oil Engine MEDITRAN SX,15W-40,29200,3,ltr, N 8515 UH 
2023-10-23,Oil Hydraulic MEDITRAN S10W,SAE 10 W,29000,0.5,ltr, N 8515 UH 
2023-10-23,REPAIR PASANG DAUN VELG R16,BAMBANG AS,150000,1,pcs, N 8429 BF 
2023-10-23,Daun Velg L6-12mm Mercy,SBM,350000,1,pcs, N 8429 BF 
2023-10-23,Oil Engine MEDITRAN SX,15W-40,29200,9,ltr, N 8429 BF 
2023-10-23,Oil Filter NKR & NMR/ Astra,16-97247 514-0,94575,1,pcs, N 8429 BF 
2023-10-23,Seal Rem 40493,Makmur Motor,11000,2,pcs, N 8429 BF 
2023-10-23,SEAL DEBU CANTER/NKR71,73 MOTOR,4000,2,pcs, N 8429 BF 
2023-10-23,Minyak Rem PRESTONE / ARNEX,DOT 3,75000,0.3,ltr, N 8429 BF 
2023-10-23,Center Bearing NKR / Bandul,Makmur Motor,240000,1,pcs, N 8428 BF 
2023-10-23,Oil Engine MEDITRAN SX,15W-40,29200,1.5,ltr, N 8310 UH 
2023-10-23,OIL PERTAMINA SAE 140,RORED HDA 140,40000,4,ltr, N 8761 UG 
2023-10-23,Bearing Roda Belakang Dalam NKR / JUB,29586 YA/22YA,202500,1,pcs, N 8761 UG 
2023-10-23,Bearing Roda Belakang Luar / JUB,28680/22 KOYO,176750,1,pcs, N 8761 UG 
2023-10-23,Seal Roda Belakang Dalam NKR - RM,8-94336-316-0,37500,1,pcs, N 8761 UG 
2023-10-23,MUR BAGONG NKR71,73 MOTOR,85000,1,pcs, N 8761 UG 
2023-10-23,RING BAGONG NKR71,73 MOTOR,25000,1,pcs, N 8761 UG 
2023-10-23,LEM AUTOSEALER HITAM,Makmur Motor,12500,1,pcs, N 8761 UG 
2023-10-23,BBM Traga Storing ke Talun blitar ,Kas ,100000,,pcs, N 8761 UG 
2023-10-23,Retribusi Masuk Ngreco dan Lahor ,Kas ,6000,1,x, N 8761 UG 
2023-10-23,"UM Storing ke Talun P. Rudi, Hadi, PSG ",Kas ,15000,3,org, N 8761 UG 
2023-10-23,Baut Joint 17 x 4 ,Kas ,17000,4,pcs, N 8761 UG 
2023-10-23,Jasa Ban Vulkanisir PNS 750-16,1017114,500000,1,pcs, N 9613 UH 
2023-10-23,Jasa Ban Vulkanisir PNS 750-16,2317111,500000,1,pcs, N 9613 UH 
2023-10-24,LEM AUTOSEALER HITAM,Makmur Motor,12500,1,pcs,N 8432 BF
2023-10-24,OIL PERTAMINA SAE 140,RORED HDA 140,40000,6,ltr,N 8432 BF
2023-10-24,SERVICE DRAKLINK,TRISTAR,135000,2,pcs, N 8432 BF 
2023-10-24,BOOT BALL JOINT,TRISTAR,20000,2,pcs, N 8432 BF 
2023-10-24,V belt A-41 Moulend,Omega Tech,31000,2,pcs, N 9446 UG 
2023-10-24,Baut Roda BLK RH NKR 71 / MSD,73 Motor,60000,1,pcs, N 9446 UG 
2023-10-24,OIL PERTAMINA SAE 140,RORED HDA 140,40000,6,ltr, N 9446 UG 
2023-10-24,Minyak Rem PRESTONE / ARNEX,DOT 3,75000,0.3,ltr, N 9446 UG 
2023-10-24,Baut NAP FE Halus,Makmur Motor,5000,2,pcs, N 9446 UG 
2023-10-24,SENTER AS HIDROLIS DUMP,HOK,400000,1,pcs, N 8477 UG 
2023-10-25,ACCU NS70 12V RCA BATT,DIRGAPUTRA EKAPRATAMA,809041,1,pcs, N 9456 UG 
2023-10-25,Kabel NYAF 35/Accu,Sehat Kabel,91000,0.5,mtr, N 9456 UG 
2023-10-25,Skun Kabel Accu,73 Motor,7500,2,pcs, N 9456 UG 
2023-10-25,Clamp Accu,73 motor,30000,1,set, N 9456 UG 
2023-10-25,SERVIS REK END / DRAKLING,TRI STAR,135000,2,pcs, N 9433 UG 
2023-10-25,BOOT BALL JOINT,TRI STAR,20000,2,pcs, N 9433 UG 
2023-10-25,"WIPER BLADE 18""",73 MOTOR,40000,2,pcs, N 9433 UG 
2023-10-25,V belt A-41 Moulend,Omega Tech,31000,2,pcs, N 9433 UG 
2023-10-25,LEM AUTOSEALER HITAM,Makmur Motor,12500,1,pcs, N 9433 UG 
2023-10-25,Baut Roda BLK LH NKR 71,73 Motor,60000,2,pcs, N 9492 UH 
2023-10-25,Ban Dalam IBK 700/750-16, DIRGAPUTRA EKAPRATAMA ,134390,1,pcs, N 8271 UE 
2023-10-25,BAN VULKANISIR JADI DGN 750-16 / MJS, GT F 0322 ,1050000,1,pcs, N 8271 UE 
2023-10-25,BAN VULKANISIR JADI DGN 750-16 / MJS, GT F 3822 ,1050000,1,pcs, N 8271 UE 
2023-10-25,Oil hydraulic TuraliK 69, CAHAYA GUNUNG JATI ,27000,20,ltr, N 8477 UG 
2023-10-25,SPIDER DIFF/PALANG NMR71,73 MOTOR,1400000,1,pcs, N 8432 BF 
2023-10-25,SERVIS REK END,TRI STAR,135000,2,pcs, N 9663 UH 
2023-10-25,BOOT BALL JOINT,TRI STAR,20000,2,pcs, N 9663 UH 
2023-10-25,Oil Hydraulic MEDITRAN S10W,SAE 10 W,29000,0.5,ltr, N 9663 UH 
2023-10-25,Baut Roda BLK LH NKR 71 / IBK,73 Motor,60000,1,pcs, N 9663 UH 
2023-10-25,Baut Roda BLK RH NKR 71 / MSD,73 Motor,60000,1,pcs, N 9663 UH 
2023-10-25,CAP/ TUTUP HUB RODA DEPAN NKR66/71,73 Motor,15000,1,pcs, N 8515 UH 
2023-10-25,Oil Engine MEDITRAN SX,15W-40,29200,3,ltr, N 8515 UH 
2023-10-25,Bensin Ecer Cuci Gardan ,Kas ,12000,2,ltr, N 8432 BF 
2023-10-25,Ban Dalam IBK 700/750-16,DIRGAPUTRA EKAPRATAMA,134390,2,pcs, N 9613 UH 
2023-10-26,Oil Engine MEDITRAN SX,15W-40,29200,1,ltr, N 8502 UA 
2023-10-26,Pir Extra No 1 / DIRGA,IZ0075-H01,258042,1,pcs, N 9492 UH 
2023-10-26,Sunduk Pir BLK NKR 71,73 Motor,40000,1,pcs, N 9492 UH 
2023-10-26,Oil Engine MEDITRAN SX,15W-40,29200,9,ltr, N 8310 UH 
2023-10-26,Oil Filter NKR & NMR/ Astra,16-97247 514-0,94575,1,pcs, N 8310 UH 
2023-10-26,Ban 1100 GT / EX Mixer Hino Baru,UJB 765,4250000,1,set, DT 9577 UF 
2023-10-26,Ban 1100 GT / EX Mixer Hino Baru,UJB 766,4250000,1,set, DT 9577 UF 
2023-10-26,SAMBUNG SENTER PUCUK BLOMBONG KIRI+KANAN,BAMBANG AS,600000,2,pcs, N 9446 UG 
2023-10-26,SPINDLE/END TUBE NMR,ASTRA ISUZU,1300000,2,pcs, N 9446 UG 
2023-10-26,"SPANSCREW 1""/ JARUM KERAS",Kas - SAKTI PUTRA PERDANA,124986,1,pcs, N 9058 UF 
2023-10-27,Baut Roda BLK RH NKR 71,73 Motor,60000,2,pcs, N 8427 BF 
2023-10-27,BAUT RODA JUMBO UNIVERSAL RR-RH/IBK,DIRGAPUTRA EKAPRATAMA,62637,1,pcs, N 8427 BF 
2023-10-27,Fuel Filter  HINO 23401/PAK MUQ,RM Surabaya,39000,1,pcs, N 8427 BF 
2023-10-27,Fuel Filter NKR & NMR / ASTRA, I8 98037481-A,90675,1,pcs, N 8427 BF 
2023-10-27,Velg repair L6-12mm - UJB,Bambang AS,150000,1,pcs, N 8430 BF 
2023-10-27,Daun Velg L6-12mm ,P/N,400000,1,pcs, N 8430 BF 
2023-10-27,SHOCK ABSORBER/SKOK DPN NKR71,73 Motor,270000,2,pcs, N 9849 UH 
2023-10-27,Bushing Sock Absorber,73 Motor,2750,6,pcs, N 9849 UH 
2023-10-27,SERVIS DONGKRAK 35T,BENGKEL ANDALAN,245000,1,pcs, N 9058 UF 
2023-10-27,Ban Luar 7.50-16 BS/BSN,H1102-HNJ4822,2175000,1,set, N 8427 BF 
2023-10-27,Ban Luar 7.50-16 BS/BSN,T8901-HNJ4822,2175000,1,set, N 8427 BF 
2023-10-28,Velg repair L6-12mm - UJB,Bambang AS,150000,1,pcs, N 9210 UF 
2023-10-28,Daun Velg L6-12mm ,P/N,400000,1,pcs, N 9210 UF 
2023-10-28,BAUT RODA NKR/NMR71 RR-RH (IBK),73 Motor,60000,1,pcs, N 9210 UF 
2023-10-28,Baut Roda BLK NKR 71 LH,Cakra Motor,70000,2,pcs, N 9426 UG 
2023-10-28,Baut NAP FE Halus,Makmur Motor,5000,2,pcs, N 9426 UG 
2023-10-28,Rubber Engine Foot LH,8-97122895-1 LH,780000,1,pcs, N 9426 UG 
2023-10-28,Rubber Engine Foot RH,8-97122-893-0 RH,780000,1,pcs, N 9426 UG 
2023-10-28,Oil Engine MEDITRAN SX,15W-40,29200,9,ltr, N 9426 UG 
2023-10-28,Oil Filter NKR & NMR/ Astra,16-97247 514-0,94575,1,pcs, N 9426 UG 
2023-10-28,Seal Roda Belakang Dalam NMR  - MAKMUR,8 - 97122937 - 0,65000,1,pcs, N 9426 UG 
2023-10-28,Velg repair L6-12mm - UJB,Bambang AS,150000,1,pcs, N 9426 UG 
2023-10-28,Daun Velg L6-12mm ,P/N,400000,1,pcs, N 9426 UG 
2023-10-28,Minyak Rem PRESTONE / ARNEX,DOT 3,75000,0.6,ltr, N 9426 UG 
2023-10-28,Oil Engine MEDITRAN SX,15W-40,29200,1,ltr, N 8271 UE 
2023-10-28,Oil Engine MEDITRAN SX,15W-40,29200,3,ltr, N 8515 UH 
2023-10-28,Velg Baru L6-12mm - UJB,P/N,900000,1,pcs, N 8448 UF 
2023-10-28,Bikin Plat Nomor N 9420 UV,*,110000,1,set, DT 9578 UF / N 9420 UV 
2023-10-28,DONGKRAK 50 TON,ANUGERAH JAYA MOTOR,800000,1,pcs, DT 9578 UF / N 9420 UV 
2023-10-28,Oil Engine MEDITRAN SX PLUS ( 200 L ),Cahaya Gunung Jati,33750,11.5,ltr, N 8444 UF 
2023-10-28,Oil Filter NKR & NMR/ Astra,16-97247 514-0,94575,1,pcs, N 8444 UF 
2023-10-28,Fuel Filter NKR & NMR / ASTRA, I8 98037481-A,90675,1,pcs, N 8444 UF 
2023-10-28,FUEL FILTER DMAX I6-98159 693-0,ASTRA ISUZU,75000,1,pcs, N 8444 UF 
2023-10-28,BAUT NAP 14X50 L,B19,5000,1,pcs, N 8761 UG 
2023-10-28,Oil Engine MEDITRAN SX,15W-40,29200,1.5,ltr, N 8761 UG 
2023-10-28,Oil Engine MEDITRAN SX,15W-40,29200,9,ltr, N 9616 UH 
2023-10-28,Oil Filter NKR & NMR/ Astra,16-97247 514-0,94575,1,pcs, N 9616 UH 
2023-10-28,Fuel Filter  HINO 23401/PAK MUQ,RM Surabaya,39000,1,pcs, N 9616 UH 
2023-10-28,Ban Depan Luar 750-16 BS Ex DT / ASTRA ISUZU,DK 5565-4/DJ0723,1400000,1,set, N 9616 UH 
2023-10-28,Ban Depan Luar 750-16 BS Ex DT / ASTRA ISUZU,DK 5565-53/DJ0523,1400000,1,set, N 8333 UF 
2023-10-28,Ban Luar 7.50-16 BS/BSN,H1102-HNJ4822,2175000,1,set, N 8448 UF 
2023-10-28,Ban Luar 7.50-16 BS/BSN,T1201-HNJ0223,2175000,1,set, N 8448 UF 
2023-10-28,Pas Kip Nap Dalam ,Bambang As,175000,1,pcs, N 9210 UF 
2023-10-28,Pas Kip Nap Luar,Bambang As,150000,1,pcs, N 9210 UF 
2023-10-28,B/P Roda ,Bambang As,75000,1,pcs, N 9210 UF 
2023-10-28,BBM Traga Storing ke Bambang wajak ,Kas ,50000,1,pcs, N 9849 UH  
2023-10-28,UM Storing P. Edi + P. Rudi ,Kas ,15000,2,org, N 9849 UH  
2023-10-30,Oil Engine MEDITRAN SX,15W-40,29200,1,ltr, N 9433 UG 
2023-10-30,ACCU NS70 12V RCA BATT,DIRGAPUTRA EKAPRATAMA,809041,1,pcs, N 9433 UG 
2023-10-30,Oil Engine MEDITRAN SX,15W-40,29200,9,ltr, N 9492 UH 
2023-10-30,Oil Filter NKR & NMR/ Astra,16-97247 514-0,94575,1,pcs, N 9492 UH 
2023-10-30,Velg Baru L6-12mm - UJB,P/N,900000,1,pcs, N 9492 UH 
2023-10-30,Kanvas Kopling ASTRA,I8-L7377 49-0,1200000,1,pcs, N 9429 UG 
2023-10-30,DRIK LAKER NKR71 78TKL4801 NSK,73 MOTOR,380000,1,pcs, N 9429 UG 
2023-10-30,Dudukan Transmisi NKR 71,18-94111903-1,44000,2,pcs, N 9429 UG 
2023-10-30,Air Filter NMR / ASTRA,18-98321 413-A,220000,1,pcs, N 9429 UG 
2023-10-30,Popok As Pen Dump Dia 50 mm,Triyenny,125000,1,pcs, N 8477 UG 
2023-10-30,Bearing Gardan 30309 DJR / JUB,30309 DJR,165500,1,pcs,N 8432 BF
2023-10-30,Bearing Gardan 30310 DJR / JUB,30310 DJR,200000,1,pcs,N 8432 BF
2023-10-30,SPACER COLLAR PINION Gardan NMR 1-41219004-0,73 MOTOR,160000,1,pcs,N 8432 BF
2023-10-30,Ring Lock gigi nanas gardan 1-09588065-2,73 MOTOR,30000,1,pcs,N 8432 BF
2023-10-30,Seal Pinion/MOB gardan  / PM SBY,8-97047609-0,45000,1,pcs,N 8432 BF
2023-10-30,Gear Pinion Crown Wheel / NMR 71 / 43x7,ASTRA ISUZU,4192500,1,pcs,N 8432 BF
2023-10-30,Bearing Pinion NMR /JUB,1-098110062-1/J 30,290000,1,pcs,N 8432 BF
2023-10-30,BEARING GARDAN 3984/20 KOYO,LAHAR JAYA,185000,2,pcs,N 8432 BF
2023-10-30,Tabung Gas LPG isi 12 kg ,Kas ,210000,1,pcs, N 8477 UG 
2023-10-31,kawat Las RB 4.0 mm, * ,1565,10,pcs, N 8271 UE 
2023-10-31,Kawat Las RB 2.6 mm,*,750,5,pcs, N 8271 UE 
2023-10-31,Oil hydraulic TuraliK 69,CAHAYA GUNUNG JATI,27000,3,ltr, N 8271 UE 
2023-10-31,Fuel Filter NKR & NMR / ASTRA, I8 98037481-A,90675,1,pcs, N 9616 UH 
2023-10-31,Minyak Rem PRESTONE / ARNEX,DOT 3,75000,0.3,ltr,N 8430 BF 
2023-10-31,Seal Rem 40493,Makmur Motor,11000,6,pcs,N 8430 BF 
2023-10-31,SEAL REM 40493 R,73 MOTOR,10000,4,pcs,N 8430 BF 
2023-10-31,SEAL DEBU CANTER/NKR71,73 MOTOR,4000,8,pcs,N 8430 BF 
2023-10-31,Master Rem bawah NKR 71,73 Motor,175000,1,pcs,N 8430 BF 
2023-10-31,Bearing Roda Belakang Dalam NMR/JUB,30213 JR / KOYO,162500,2,pcs,N 8430 BF 
2023-10-31,Bearing Roda Belakang Luar / JUB,28680/22 KOYO,176750,1,pcs,N 8430 BF 
2023-10-31,Seal Roda Belakang Dalam NMR  - RM,8 - 97122937 - 0,45000,2,pcs,N 8430 BF 
2023-10-31,Gerinda Potong WD 4'',Prima Sekar,2500,1,pcs,N 8076 UF
2023-10-31,Lampu Rotary,Anugerah JAYA,450000,1,pcs,N 8076 UF
2023-10-31,Lampu Rotary,Anugerah JAYA,450000,1,pcs, N 8198 UH 
2023-10-31,Ban 1100 GT / EX Mixer Hino Baru,UJB 767,4250000,1,set, N 8198 UH 
2023-10-31,Marshet IBK R20 + Besi,DIRGAPUTRA EKAPRATAMA,70586,1,pcs, N 8198 UH 
